{
  "age_years": {
    "num_mf": 3,
    "centers": [
      -1.2803385257720947,
      -0.058526042848825455,
      1.4013344049453735
    ],
    "sigmas": [
      0.8316212296485901,
      0.6141172051429749,
      0.6735454797744751
    ]
  },
  "ap_hi": {
    "num_mf": 3,
    "centers": [
      -1.6097997426986694,
      -0.41561445593833923,
      1.522779941558838
    ],
    "sigmas": [
      0.41690507531166077,
      0.14002083241939545,
      0.5393604040145874
    ]
  },
  "ap_lo": {
    "num_mf": 3,
    "centers": [
      -1.4893229007720947,
      -0.05866798013448715,
      1.6780933141708374
    ],
    "sigmas": [
      0.4951794147491455,
      0.4487611949443817,
      0.6444250345230103
    ]
  },
  "cholesterol": {
    "num_mf": 3,
    "centers": [
      -1.1515607833862305,
      -0.07556778192520142,
      1.4347103834152222
    ],
    "sigmas": [
      0.7721118330955505,
      0.66756671667099,
      0.5827919244766235
    ]
  }
}