{
  "age_years": {
    "num_mf": 3,
    "centers": [
      -1.2153133153915405,
      -0.2866023778915405,
      1.089476227760315
    ],
    "sigmas": [
      0.904697060585022,
      0.7261528968811035,
      0.6944736838340759
    ]
  },
  "gender": {
    "num_mf": 2,
    "centers": [
      -0.2345256209373474,
      0.5769384503364563
    ],
    "sigmas": [
      0.33855104446411133,
      0.3738337755203247
    ]
  },
  "height": {
    "num_mf": 3,
    "centers": [
      -1.1962406635284424,
      -0.0036520007997751236,
      1.1655397415161133
    ],
    "sigmas": [
      0.7993311882019043,
      0.4378913342952728,
      0.36263221502304077
    ]
  },
  "weight": {
    "num_mf": 3,
    "centers": [
      -1.1265579462051392,
      -0.23085184395313263,
      1.2364648580551147
    ],
    "sigmas": [
      0.6584131121635437,
      0.5855250358581543,
      0.7171951532363892
    ]
  },
  "ap_hi": {
    "num_mf": 3,
    "centers": [
      -0.9728652238845825,
      -0.3418475091457367,
      1.4592286348342896
    ],
    "sigmas": [
      0.21154482662677765,
      0.11652485281229019,
      0.46399372816085815
    ]
  },
  "ap_lo": {
    "num_mf": 3,
    "centers": [
      -0.6237188577651978,
      -0.10707562416791916,
      1.4914430379867554
    ],
    "sigmas": [
      0.07413343340158463,
      0.09751398861408234,
      0.688405454158783
    ]
  },
  "cholesterol": {
    "num_mf": 3,
    "centers": [
      -0.2157120257616043,
      0.0791064128279686,
      1.2684661149978638
    ],
    "sigmas": [
      0.546112596988678,
      0.5683902502059937,
      0.4228937327861786
    ]
  },
  "gluc": {
    "num_mf": 3,
    "centers": [
      -0.3200393617153168,
      0.31475773453712463,
      0.5448665022850037
    ],
    "sigmas": [
      0.15190725028514862,
      0.501462459564209,
      0.5327466130256653
    ]
  },
  "smoke": {
    "num_mf": 2,
    "centers": [
      -0.261106938123703,
      0.5186474323272705
    ],
    "sigmas": [
      0.11924470216035843,
      0.7254389524459839
    ]
  },
  "alco": {
    "num_mf": 2,
    "centers": [
      -0.2361510694026947,
      0.56621253490448
    ],
    "sigmas": [
      0.04024921730160713,
      0.808800995349884
    ]
  },
  "active": {
    "num_mf": 2,
    "centers": [
      -0.2853924632072449,
      0.36470356583595276
    ],
    "sigmas": [
      0.4444299340248108,
      0.18446604907512665
    ]
  }
}