module_index,module_name,mean_weighted_all,mean_pct_all,mean_weighted_pos(cardio=1),mean_weighted_neg(cardio=0),mean_pct_pos(cardio=1),mean_pct_neg(cardio=0)
1,Module_1,0.0623351,0.2355668,0.18480152,-0.059991423,0.22887649,0.24224947
2,Module_2,-0.23527767,0.58112025,0.22197315,-0.6920062,0.55698246,0.6052306
3,Module_3,0.14319617,0.09226346,0.21763827,0.06883909,0.12425734,0.06030612
4,Module_4,0.08480416,0.09104943,0.09041931,0.079195425,0.08988373,0.09221381
