label,precision,recall,f1-score,support
0,0.7052284175786,0.7728916809442223,0.737511353315168,5253.0
1,0.748471431583386,0.6765770916714313,0.7107107107107107,5247.0
macro avg,0.726849924580993,0.7247343863078268,0.7241110320129394,10500.0
weighted avg,0.7268375694341345,0.7247619047619047,0.7241186893393978,10500.0
micro avg,0.7247619047619047,0.7247619047619047,0.7247619047619047,10500.0
