label,precision,recall,f1-score,support
0,0.7074902903643425,0.7802161941668366,0.7420756547041707,24515.0
1,0.7547006601411336,0.677026751072085,0.713756727664155,24485.0
macro avg,0.7310954752527381,0.7286214726194609,0.7279161911841628,49000.0
weighted avg,0.7310810230987248,0.7286530612244898,0.7279248602434607,49000.0
micro avg,0.7286530612244898,0.7286530612244898,0.7286530612244898,49000.0
