label,precision,recall,f1-score,support
0,0.7033766233766233,0.7732724157624215,0.7366702937976061,5253.0
1,0.7479365079365079,0.6735277301315037,0.7087845968712395,5247.0
macro avg,0.7256565656565657,0.7234000729469625,0.7227274453344228,10500.0
weighted avg,0.7256438342609771,0.7234285714285714,0.7227354126764017,10500.0
micro avg,0.7234285714285714,0.7234285714285714,0.7234285714285714,10500.0
