{
  "train": {
    "auc": 0.7911419473660831,
    "accuracy": 0.728399404121493,
    "confusion_matrix": [
      [
        19178,
        5232
      ],
      [
        7895,
        16027
      ]
    ],
    "classification_report": {
      "0": {
        "precision": 0.7083810438444207,
        "recall": 0.7856616140925851,
        "f1-score": 0.7450226288289338,
        "support": 24410.0
      },
      "1": {
        "precision": 0.7538924690719225,
        "recall": 0.6699690661315943,
        "f1-score": 0.7094575153272393,
        "support": 23922.0
      },
      "accuracy": 0.728399404121493,
      "macro avg": {
        "precision": 0.7311367564581717,
        "recall": 0.7278153401120897,
        "f1-score": 0.7272400720780865,
        "support": 48332.0
      },
      "weighted avg": {
        "precision": 0.7309069958905248,
        "recall": 0.728399404121493,
        "f1-score": 0.7274196195351423,
        "support": 48332.0
      },
      "micro avg": {
        "precision": 0.728399404121493,
        "recall": 0.728399404121493,
        "f1-score": 0.728399404121493,
        "support": 48332
      }
    }
  },
  "val": {
    "auc": 0.7927205367204859,
    "accuracy": 0.728879019020952,
    "confusion_matrix": [
      [
        4131,
        1100
      ],
      [
        1708,
        3418
      ]
    ],
    "classification_report": {
      "0": {
        "precision": 0.7074841582462751,
        "recall": 0.7897151596253107,
        "f1-score": 0.7463414634146341,
        "support": 5231.0
      },
      "1": {
        "precision": 0.7565294378043382,
        "recall": 0.666796722590714,
        "f1-score": 0.708834508502696,
        "support": 5126.0
      },
      "accuracy": 0.728879019020952,
      "macro avg": {
        "precision": 0.7320067980253067,
        "recall": 0.7282559411080123,
        "f1-score": 0.7275879859586651,
        "support": 10357.0
      },
      "weighted avg": {
        "precision": 0.7317581857653087,
        "recall": 0.728879019020952,
        "f1-score": 0.7277781100421716,
        "support": 10357.0
      },
      "micro avg": {
        "precision": 0.728879019020952,
        "recall": 0.728879019020952,
        "f1-score": 0.728879019020952,
        "support": 10357
      }
    }
  },
  "test": {
    "auc": 0.7886099496046455,
    "accuracy": 0.7273604943039197,
    "confusion_matrix": [
      [
        4122,
        1109
      ],
      [
        1715,
        3412
      ]
    ],
    "classification_report": {
      "0": {
        "precision": 0.706184683912969,
        "recall": 0.7879946472949723,
        "f1-score": 0.7448500180701121,
        "support": 5231.0
      },
      "1": {
        "precision": 0.7547002875470029,
        "recall": 0.6654963916520382,
        "f1-score": 0.7072968490878938,
        "support": 5127.0
      },
      "accuracy": 0.7273604943039197,
      "macro avg": {
        "precision": 0.7304424857299859,
        "recall": 0.7267455194735053,
        "f1-score": 0.7260734335790029,
        "support": 10358.0
      },
      "weighted avg": {
        "precision": 0.7301989240975308,
        "recall": 0.7273604943039197,
        "f1-score": 0.7262619607837795,
        "support": 10358.0
      },
      "micro avg": {
        "precision": 0.7273604943039197,
        "recall": 0.7273604943039197,
        "f1-score": 0.7273604943039197,
        "support": 10358
      }
    }
  }
}