{
  "mean": [
    52.78796656459488,
    1.3645617810146486,
    127.83058843002566,
    81.32231233965075
  ],
  "scale": [
    6.763018198756168,
    0.6793562386562112,
    127.10055939492702,
    9.951364201651348
  ],
  "feature_cols": [
    "age_years",
    "cholesterol",
    "ap_hi",
    "ap_lo"
  ]
}