label,precision,recall,f1-score,support
0,0.7034174823973897,0.7797449076718066,0.7396171903214157,5253.0
1,0.7526192003420996,0.6708595387840671,0.709391374445788,5247.0
macro avg,0.7280183413697446,0.7253022232279369,0.7245042823836019,10500.0
weighted avg,0.7280042837360461,0.7253333333333334,0.724512918330995,10500.0
micro avg,0.7253333333333334,0.7253333333333334,0.7253333333333334,10500.0
