label,precision,recall,f1-score,support
0,0.7081059301857074,0.7885784213746686,0.74617878647522,24515.0
1,0.7611410664085902,0.6745354298550132,0.7152260523124891,24485.0
macro avg,0.7346234982971489,0.7315569256148409,0.7307024193938545,49000.0
weighted avg,0.7346072630513664,0.7315918367346939,0.7307118947206391,49000.0
micro avg,0.7315918367346939,0.7315918367346939,0.7315918367346939,49000.0
