label,precision,recall,f1-score,support
0,0.7047439630073643,0.7833618884446982,0.7419761990623873,5253.0
1,0.755846384895945,0.6714312940728036,0.7111425111021397,5247.0
macro avg,0.7302951739516547,0.7273965912587509,0.7265593550822635,10500.0
weighted avg,0.7302805732596865,0.7274285714285714,0.726568164707395,10500.0
micro avg,0.7274285714285714,0.7274285714285714,0.7274285714285714,10500.0
