{
  "row_index": 6,
  "x_original": {
    "age_years": 63.0,
    "gender": 1.0,
    "height": 147.0,
    "weight": 59.0,
    "ap_hi": 110.0,
    "ap_lo": 70.0,
    "cholesterol": 1.0,
    "gluc": 1.0,
    "smoke": 0.0,
    "alco": 0.0,
    "active": 1.0
  },
  "x_model_space": {
    "age_years": 1.5050896406173706,
    "gender": -0.7326477766036987,
    "height": -2.1056246757507324,
    "weight": -1.0580837726593018,
    "ap_hi": -0.1122141182422638,
    "ap_lo": -0.13865439593791962,
    "cholesterol": -0.5395963191986084,
    "gluc": -0.3966735005378723,
    "smoke": -0.3103933334350586,
    "alco": -0.2380112111568451,
    "active": 0.49255865812301636
  },
  "y_true": 0,
  "score": 0.5646671652793884,
  "probability": 0.6375317430252417,
  "step4_top_rules": [
    {
      "rule_id": 112,
      "mu": [
        0.8232142925262451,
        -0.7222808599472046,
        -1.7506113052368164,
        -1.4067407846450806,
        -0.03465503454208374,
        -0.09329859167337418,
        -0.5371712446212769,
        -0.33059054613113403,
        -0.31039318442344666,
        -0.23801112174987793,
        0.4925587773323059
      ],
      "sigma": [
        0.4904637336730957,
        0.14721760153770447,
        0.4742104113101959,
        0.48300644755363464,
        0.10919362306594849,
        0.05487413704395294,
        0.05975048989057541,
        0.3332540988922119,
        0.0010000000474974513,
        0.0010000000474974513,
        0.0010000000474974513
      ],
      "firing": 0.11955367773771286,
      "norm_firing": 0.9987226128578186,
      "rule_output": 0.564745306968689,
      "weighted_contribution": 0.5640239119529724
    },
    {
      "rule_id": 42,
      "mu": [
        -0.2901383340358734,
        -0.046173542737960815,
        -5.904552459716797,
        0.4493657052516937,
        -0.04664595425128937,
        -0.0863957330584526,
        -0.19164760410785675,
        -0.07958061993122101,
        -0.05351245403289795,
        -0.07657507807016373,
        -0.10373327881097794
      ],
      "sigma": [
        1.0356700420379639,
        0.9842126965522766,
        1.078055739402771,
        1.6342800855636597,
        0.13533979654312134,
        0.05131698027253151,
        0.8404471278190613,
        0.9459789395332336,
        0.917248010635376,
        0.8310436010360718,
        1.0717954635620117
      ],
      "firing": 8.520849223714322e-05,
      "norm_firing": 0.0007118112407624722,
      "rule_output": 0.47540003061294556,
      "weighted_contribution": 0.00033839509706012905
    },
    {
      "rule_id": 36,
      "mu": [
        1.0533844232559204,
        -0.7303048372268677,
        -1.1609643697738647,
        0.24292892217636108,
        0.015221497975289822,
        -0.06897218525409698,
        -0.5313724279403687,
        -0.39472493529319763,
        -0.3103933334350586,
        -0.23801088333129883,
        0.4925583302974701
      ],
      "sigma": [
        0.34431126713752747,
        0.07019242644309998,
        0.4450950622558594,
        0.40444669127464294,
        0.1502954065799713,
        0.04795895889401436,
        0.10990569740533829,
        0.05836102366447449,
        0.0010000000474974513,
        0.0010000000474974513,
        0.0010000000474974513
      ],
      "firing": 6.094548007240519e-05,
      "norm_firing": 0.000509123841766268,
      "rule_output": 0.5346491932868958,
      "weighted_contribution": 0.00027220265474170446
    },
    {
      "rule_id": 44,
      "mu": [
        1.0595282316207886,
        -0.7326494455337524,
        -0.6667649149894714,
        -0.8619017601013184,
        -0.02570558339357376,
        -0.08585639297962189,
        -0.5395964980125427,
        -0.3966739773750305,
        -0.3103938400745392,
        -0.23801103234291077,
        0.49255892634391785
      ],
      "sigma": [
        0.3520292341709137,
        0.0010000000474974513,
        0.3179340064525604,
        0.3546789586544037,
        0.095425084233284,
        0.04563147574663162,
        0.0010000000474974513,
        0.0010000000474974513,
        0.0010000000474974513,
        0.0010000000474974513,
        0.0010000000474974513
      ],
      "firing": 4.666716449719388e-06,
      "norm_firing": 3.898462455254048e-05,
      "rule_output": 0.6205329298973083,
      "weighted_contribution": 2.4191243937821127e-05
    },
    {
      "rule_id": 14,
      "mu": [
        -0.15258939564228058,
        -0.7326483130455017,
        -1.3642865419387817,
        -0.425387978553772,
        -0.034365471452474594,
        -0.0880945548415184,
        -0.5378398299217224,
        -0.3966735899448395,
        -0.3103933036327362,
        -0.2380109280347824,
        0.49255844950675964
      ],
      "sigma": [
        0.38123005628585815,
        0.0010000000474974513,
        0.40499037504196167,
        0.33468663692474365,
        0.09912386536598206,
        0.050484225153923035,
        0.05070153996348381,
        0.0010000000474974513,
        0.0010000000474974513,
        0.0010000000474974513,
        0.0010000000474974513
      ],
      "firing": 1.093315063371847e-06,
      "norm_firing": 9.133290404861327e-06,
      "rule_output": 0.46959400177001953,
      "weighted_contribution": 4.288938271201914e-06
    },
    {
      "rule_id": 91,
      "mu": [
        -0.29060643911361694,
        -0.09425994008779526,
        0.009846444241702557,
        -0.22551752626895905,
        6.324635982513428,
        -0.1565067321062088,
        0.10044309496879578,
        -0.3966735005378723,
        -0.3103933334350586,
        0.14803175628185272,
        0.2731870710849762
      ],
      "sigma": [
        1.1174525022506714,
        0.9651517868041992,
        0.8047153353691101,
        0.6089834570884705,
        1.6582350730895996,
        0.16483229398727417,
        0.8491082191467285,
        0.0010000000474974513,
        0.0010000000474974513,
        1.2509220838546753,
        0.7108453512191772
      ],
      "firing": 9.964896889869124e-07,
      "norm_firing": 8.32443492981838e-06,
      "rule_output": 0.4961351752281189,
      "weighted_contribution": 4.130044999328675e-06
    },
    {
      "rule_id": 60,
      "mu": [
        -1.2089885473251343,
        -0.7326475977897644,
        -0.4264512360095978,
        -0.31173840165138245,
        -0.05554617941379547,
        -0.09692663699388504,
        -0.539596438407898,
        1.7306952476501465,
        -0.3103933036327362,
        -0.23801125586032867,
        0.49255871772766113
      ],
      "sigma": [
        0.5354442000389099,
        0.0010000000474974513,
        0.7328108549118042,
        0.713009238243103,
        0.10471954196691513,
        0.052237868309020996,
        0.0010000000474974513,
        0.7222309708595276,
        0.0010000000474974513,
        0.0010000000474974513,
        0.0010000000474974513
      ],
      "firing": 9.048271021327992e-10,
      "norm_firing": 7.558707437738121e-09,
      "rule_output": 0.29073798656463623,
      "weighted_contribution": 2.1976034325632554e-09
    },
    {
      "rule_id": 59,
      "mu": [
        -0.26996129751205444,
        -0.7326495051383972,
        -0.6891219019889832,
        -1.1487396955490112,
        -0.05753832310438156,
        -0.10093078762292862,
        -0.539596438407898,
        -0.39273717999458313,
        -0.3103938400745392,
        -0.23801106214523315,
        0.49255892634391785
      ],
      "sigma": [
        0.3458641767501831,
        0.0010000000474974513,
        0.33456185460090637,
        0.31710171699523926,
        0.09126398712396622,
        0.046498898416757584,
        0.0010000000474974513,
        0.08282927423715591,
        0.0010000000474974513,
        0.0010000000474974513,
        0.0010000000474974513
      ],
      "firing": 1.4084647337320177e-10,
      "norm_firing": 1.1765974861077666e-09,
      "rule_output": 0.37627124786376953,