{
  "row_index": 0,
  "x_original": {
    "age_years": 61.0,
    "gender": 2.0,
    "height": 171.0,
    "weight": 84.0,
    "ap_hi": 140.0,
    "ap_lo": 90.0,
    "cholesterol": 1.0,
    "gluc": 2.0,
    "smoke": 0.0,
    "alco": 0.0,
    "active": 0.0
  },
  "x_model_space": {
    "age_years": 1.2090250253677368,
    "gender": 1.3649122714996338,
    "height": 0.806445300579071,
    "weight": 0.6764292120933533,
    "ap_hi": 0.06172071769833565,
    "ap_lo": -0.03600345551967621,
    "cholesterol": -0.5395963191986084,
    "gluc": 1.3473373651504517,
    "smoke": -0.3103933334350586,
    "alco": -0.2380112111568451,
    "active": -2.03021502494812
  },
  "y_true": 1,
  "score": 0.5104643106460571,
  "probability": 0.62491531341364,
  "step4_top_rules": [
    {
      "rule_id": 53,
      "mu": [
        0.22418846189975739,
        1.3540445566177368,
        0.7479775547981262,
        0.5107068419456482,
        -0.004999362863600254,
        -0.07514909654855728,
        -0.059069305658340454,
        1.9708435535430908,
        -0.31039339303970337,
        -0.23801125586032867,
        -2.030215263366699
      ],
      "sigma": [
        0.8589326739311218,
        0.15059423446655273,
        0.7157694697380066,
        0.7561079263687134,
        0.11072587221860886,
        0.048880692571401596,
        0.6902702450752258,
        0.8358482718467712,
        0.0010000000474974513,
        0.0010000000474974513,
        0.0010000000474974513
      ],
      "firing": 0.18085934221744537,
      "norm_firing": 0.9998608827590942,
      "rule_output": 0.5104236602783203,
      "weighted_contribution": 0.5103526711463928
    },
    {
      "rule_id": 92,
      "mu": [
        0.30497071146965027,
        1.2899997234344482,
        1.102563500404358,
        2.228405475616455,
        0.037252508103847504,
        -0.0564725436270237,
        -0.4081597328186035,
        -0.2824822664260864,
        -0.31039339303970337,
        -0.23801125586032867,
        -2.030215263366699
      ],
      "sigma": [
        0.8140231966972351,
        0.38925838470458984,
        0.7109289765357971,
        0.6796846389770508,
        0.1229407861828804,
        0.05357365682721138,
        0.449454128742218,
        0.43140530586242676,
        0.0010000000474974513,
        0.0010000000474974513,
        0.0010000000474974513
      ],
      "firing": 2.489549297024496e-05,
      "norm_firing": 0.00013763198512606323,
      "rule_output": 0.8040439486503601,
      "weighted_contribution": 0.00011066216393373907
    },
    {
      "rule_id": 40,
      "mu": [
        0.3781543970108032,
        1.3649128675460815,
        0.8880245685577393,
        0.541801393032074,
        0.02167869731783867,
        -0.06612168252468109,
        1.5714447498321533,
        -0.31503891944885254,
        -0.310393363237381,
        -0.23801124095916748,
        -2.030215263366699
      ],
      "sigma": [
        0.803514301776886,
        0.0010000000474974513,
        0.6817920207977295,
        0.7883772253990173,
        0.10715389996767044,
        0.0501287579536438,
        0.7296129465103149,
        0.3683850169181824,
        0.0010000000474974513,
        0.0010000000474974513,
        0.0010000000474974513
      ],
      "firing": 2.569771027083334e-07,
      "norm_firing": 1.420669491380977e-06,
      "rule_output": 0.6535155177116394,
      "weighted_contribution": 9.284295856559766e-07
    },
    {
      "rule_id": 113,
      "mu": [
        -0.7394000887870789,
        0.798004150390625,
        1.216365098953247,
        6.118112087249756,
        0.05153534933924675,
        0.08953587710857391,
        -0.18152019381523132,
        0.07468078285455704,
        0.07145662605762482,
        0.24193407595157623,
        0.1516432911157608
      ],
      "sigma": [
        1.0282009840011597,
        0.9315249919891357,
        0.9572131037712097,
        1.0785287618637085,
        0.11599891632795334,
        0.7608069777488708,
        0.7957246899604797,
        1.0455143451690674,
        1.0967803001403809,
        1.378537654876709,
        0.8624550104141235
      ],
      "firing": 5.7072635506472125e-09,
      "norm_firing": 3.155197347837202e-08,
      "rule_output": 0.5045217275619507,
      "weighted_contribution": 1.591865661509928e-08
    },
    {
      "rule_id": 42,
      "mu": [
        -0.2901383340358734,
        -0.046173542737960815,
        -5.904552459716797,
        0.4493657052516937,
        -0.04664595425128937,
        -0.0863957330584526,
        -0.19164760410785675,
        -0.07958061993122101,
        -0.05351245403289795,
        -0.07657507807016373,
        -0.10373327881097794
      ],
      "sigma": [
        1.0356700420379639,
        0.9842126965522766,
        1.078055739402771,
        1.6342800855636597,
        0.13533979654312134,
        0.05131698027253151,
        0.8404471278190613,
        0.9459789395332336,
        0.917248010635376,
        0.8310436010360718,
        1.0717954635620117
      ],
      "firing": 1.1828519934364845e-11,
      "norm_firing": 6.539266350635842e-11,
      "rule_output": 0.7086625695228577,
      "weighted_contribution": 4.6341333548305386e-11
    },
    {
      "rule_id": 2,
      "mu": [
        -1.0339382886886597,
        1.364912986755371,
        0.2274017184972763,
        -0.4853089451789856,
        -0.04042840376496315,
        -0.08920138329267502,
        -0.4496352970600128,
        -0.3611471652984619,
        -0.31039318442344666,
        -0.2380111962556839,
        -2.0302138328552246
      ],
      "sigma": [
        0.5718931555747986,
        0.0010000000474974513,
        0.5218602418899536,
        0.47096627950668335,
        0.09852268546819687,
        0.040309276431798935,
        0.3526168763637543,
        0.24636602401733398,
        0.0010000000474974513,
        0.0010000000474974513,
        0.0010000000474974513
      ],
      "firing": 1.0062270325136827e-16,
      "norm_firing": 5.562814765709733e-16,
      "rule_output": 0.5744173526763916,
      "weighted_contribution": 3.1953772657708685e-16
    },
    {
      "rule_id": 27,
      "mu": [
        0.8241409659385681,
        1.3649128675460815,
        -0.13913093507289886,
        -0.5767765045166016,
        -0.01935448683798313,
        -0.07213421911001205,
        -0.43689239025115967,
        -0.3723383843898773,
        -0.31039324402809143,
        -0.23801124095916748,
        -2.030214309692383
      ],
      "sigma": [
        0.5437272787094116,
        0.0010000000474974513,
        0.5748811960220337,
        0.5288819670677185,
        0.10423383861780167,
        0.1383071392774582,
        0.3750215470790863,
        0.2045687884092331,
        0.0010000000474974513,
        0.0010000000474974513,
        0.0010000000474974513
      ],
      "firing": 3.775328002718067e-18,
      "norm_firing": 2.0871482427303323e-17,
      "rule_output": 0.6862255930900574,
      "weighted_contribution": 1.4322544625210744e-17
    },
    {
      "rule_id": 34,
      "mu": [
        0.49427688121795654,
        1.3108983039855957,
        1.258461833000183,
        1.4339572191238403,
        0.04183890298008919,
        -0.051643408834934235,
        2.2719082832336426,
        3.0015270709991455,
        -0.310393363237381,
        -0.23801124095916748,
        0.3409756124019623
      ],
      "sigma": [
        0.8282006978988647,
        0.3322366774082184,
        0.747562050819397,
        0.7254146933555603,
        0.1024150624871254,
        0.053948596119880676,
        0.42155706882476807,
        0.3854604661464691,
        0.0010000000474974513,
        0.0010000000474974513,
        0.5995259284973145
      ],
      "firing": 2.7243311347671255e-18,
      "norm_firing": 1.5061163972661394e-17,
      "rule_output": 0.7313135266304016,
      "weighted_contribution": 1.1014432634290697e-17
    },
    {
      "rule_id": 80,