{
  "row_index": 8,
  "x_original": {
    "age_years": 54.0,
    "gender": 1.0,
    "height": 160.0,
    "weight": 60.0,
    "ap_hi": 110.0,
    "ap_lo": 70.0,
    "cholesterol": 1.0,
    "gluc": 1.0,
    "smoke": 0.0,
    "alco": 0.0,
    "active": 0.0
  },
  "x_model_space": {
    "age_years": 0.1727989912033081,
    "gender": -0.7326477766036987,
    "height": -0.528253436088562,
    "weight": -0.9887032508850098,
    "ap_hi": -0.1122141182422638,
    "ap_lo": -0.13865439593791962,
    "cholesterol": -0.5395963191986084,
    "gluc": -0.3966735005378723,
    "smoke": -0.3103933334350586,
    "alco": -0.2380112111568451,
    "active": -2.03021502494812
  },
  "y_true": 0,
  "score": 0.3374781906604767,
  "probability": 0.5835778155357715,
  "step4_top_rules": [
    {
      "rule_id": 10,
      "mu": [
        0.6752548217773438,
        -0.7326479554176331,
        -1.054099440574646,
        -0.9729973077774048,
        -0.029268532991409302,
        -0.08847109228372574,
        -0.5395964980125427,
        -0.37990397214889526,
        -0.31039321422576904,
        -0.23801101744174957,
        -2.0302135944366455
      ],
      "sigma": [
        0.534916877746582,
        0.0010000000474974513,
        0.5517591834068298,
        0.4872409701347351,
        0.1029241755604744,
        0.04705902189016342,
        0.0010000000474974513,
        0.170189768075943,
        0.0010000000474974513,
        0.0010000000474974513,
        0.0010000000474974513
      ],
      "firing": 0.1662946194410324,
      "norm_firing": 0.7266104817390442,
      "rule_output": 0.34010761976242065,
      "weighted_contribution": 0.2471257597208023
    },
    {
      "rule_id": 26,
      "mu": [
        -0.18532830476760864,
        -0.7326486706733704,
        0.05403076112270355,
        -0.4503845274448395,
        -0.045939069241285324,
        -0.09250544011592865,
        -0.539596438407898,
        -0.39667364954948425,
        -0.31039339303970337,
        -0.23801086843013763,
        -2.0302133560180664
      ],
      "sigma": [
        0.3381783068180084,
        0.0010000000474974513,
        0.43606388568878174,
        0.4667375981807709,
        0.0800672098994255,
        0.041139326989650726,
        0.0010000000474974513,
        0.0010000000474974513,
        0.0010000000474974513,
        0.0010000000474974513,
        0.0010000000474974513
      ],
      "firing": 0.04554019495844841,
      "norm_firing": 0.1989840865135193,
      "rule_output": 0.34669244289398193,
      "weighted_contribution": 0.06898628175258636
    },
    {
      "rule_id": 107,
      "mu": [
        -1.2669596672058105,
        -0.7289154529571533,
        -0.9324196577072144,
        -0.8632750511169434,
        -0.06570770591497421,
        -0.10121055692434311,
        -0.4767313301563263,
        -0.38736361265182495,
        -0.31039321422576904,
        -0.2380111962556839,
        -2.0302138328552246
      ],
      "sigma": [
        0.5242220759391785,
        0.0884014368057251,
        0.5135231018066406,
        0.5682603120803833,
        0.08907929807901382,
        0.052141230553388596,
        0.29764243960380554,
        0.1270807981491089,
        0.0010000000474974513,
        0.0010000000474974513,
        0.0010000000474974513
      ],
      "firing": 0.010827838443219662,
      "norm_firing": 0.04731133580207825,
      "rule_output": 0.24342180788516998,
      "weighted_contribution": 0.011516611091792583
    },
    {
      "rule_id": 110,
      "mu": [
        0.9004297852516174,
        -0.7326478362083435,
        0.5512387752532959,
        -0.13702496886253357,
        -0.0276340264827013,
        -0.08485473692417145,
        -0.501579761505127,
        -0.38666462898254395,
        -0.31039318442344666,
        -0.23801104724407196,
        -2.0302138328552246
      ],
      "sigma": [
        0.4526868164539337,
        0.0010000000474974513,
        0.5561000108718872,
        0.5403227210044861,
        0.08077722787857056,
        0.03878842294216156,
        0.2334928661584854,
        0.13173840939998627,
        0.0010000000474974513,
        0.0010000000474974513,
        0.0010000000474974513
      ],
      "firing": 0.002620517974719405,
      "norm_firing": 0.011450134217739105,
      "rule_output": 0.3479580581188202,
      "weighted_contribution": 0.00398416630923748
    },
    {
      "rule_id": 32,
      "mu": [
        0.6845221519470215,
        -0.7100121378898621,
        -1.0310570001602173,
        -0.7480925917625427,
        0.007600710261613131,
        -0.07796850800514221,
        1.3984804153442383,
        -0.31511902809143066,
        -0.3103933334350586,
        -0.23801127076148987,
        -2.030215263366699
      ],
      "sigma": [
        0.6144062876701355,
        0.21671850979328156,
        0.6302395462989807,
        0.5281656384468079,
        0.10720594227313995,
        0.05266713723540306,
        0.6847110390663147,
        0.36821311712265015,
        0.0010000000474974513,
        0.0010000000474974513,
        0.0010000000474974513
      ],
      "firing": 0.0022584463004022837,
      "norm_firing": 0.009868092834949493,
      "rule_output": 0.3760150074958801,
      "weighted_contribution": 0.003710550954565406
    },
    {
      "rule_id": 43,
      "mu": [
        0.7184632420539856,
        -0.7326476573944092,
        -0.8419697880744934,
        0.6690583825111389,
        0.002844186732545495,
        -0.0694115087389946,
        -0.539596438407898,
        -0.38965514302253723,
        -0.31039318442344666,
        -0.23801125586032867,
        -2.0302140712738037
      ],
      "sigma": [
        0.5836929082870483,
        0.0010000000474974513,
        0.547053337097168,
        0.5205731391906738,
        0.11541210114955902,
        0.05997398868203163,
        0.0010000000474974513,
        0.11041060835123062,
        0.0010000000474974513,
        0.0010000000474974513,
        0.0010000000474974513
      ],
      "firing": 0.0010729416972026229,
      "norm_firing": 0.004688129294663668,
      "rule_output": 0.37319183349609375,
      "weighted_contribution": 0.0017495715292170644
    },
    {
      "rule_id": 67,
      "mu": [
        -0.4410063326358795,
        -0.7251564264297485,
        0.16076308488845825,
        0.03788065165281296,
        -0.0012478355783969164,
        -0.0711064264178276,
        1.1638233661651611,
        -0.37798765301704407,
        -0.3103933334350586,
        -0.23801127076148987,
        -2.03021502494812
      ],
      "sigma": [
        0.6968643665313721,
        0.12512950599193573,
        0.6487751007080078,
        0.6377376317977905,
        0.1073646992444992,
        0.05055690556764603,
        0.5357456207275391,
        0.17955242097377777,
        0.0010000000474974513,
        0.0010000000474974513,
        0.0010000000474974513
      ],
      "firing": 0.0001606872392585501,
      "norm_firing": 0.00070210947887972,
      "rule_output": 0.35828620195388794,
      "weighted_contribution": 0.00025155613548122346
    },
    {
      "rule_id": 18,
      "mu": [
        -0.45355987548828125,
        -0.732647716999054,
        -0.21307072043418884,
        1.7640159130096436,
        0.012587178498506546,
        -0.06766188889741898,
        -0.4025549590587616,
        -0.2447926551103592,
        -0.3103933036327362,
        -0.23801124095916748,
        -2.030214786529541
      ],
      "sigma": [
        0.720801591873169,
        0.0010000000474974513,
        0.6361736059188843,
        0.7151349186897278,
        0.11854928731918335,
        0.049563221633434296,
        0.4277343451976776,
        0.4917467534542084,
        0.0010000000474974513,
        0.0010000000474974513,
        0.0010000000474974513
      ],
      "firing": 6.85767809045501e-05,
      "norm_firing": 0.0002996405237354338,
      "rule_output": 0.3728266656398773,
      "weighted_contribution": 0.00011171397636644542
    },
    {
      "rule_id": 49,