{
  "row_index": 7,
  "x_original": {
    "age_years": 61.0,
    "gender": 2.0,
    "height": 165.0,
    "weight": 75.0,
    "ap_hi": 150.0,
    "ap_lo": 90.0,
    "cholesterol": 1.0,
    "gluc": 1.0,
    "smoke": 0.0,
    "alco": 0.0,
    "active": 1.0
  },
  "x_model_space": {
    "age_years": 1.2090250253677368,
    "gender": 1.3649122714996338,
    "height": 0.07842779159545898,
    "weight": 0.052004553377628326,
    "ap_hi": 0.11969900876283646,
    "ap_lo": -0.03600345551967621,
    "cholesterol": -0.5395963191986084,
    "gluc": -0.3966735005378723,
    "smoke": -0.3103933334350586,
    "alco": -0.2380112111568451,
    "active": 0.49255865812301636
  },
  "y_true": 1,
  "score": 0.6969316601753235,
  "probability": 0.6675071310136053,
  "step4_top_rules": [
    {
      "rule_id": 13,
      "mu": [
        0.8146976232528687,
        1.364912986755371,
        0.3197055160999298,
        0.6458160281181335,
        0.012122639454901218,
        -0.06874558329582214,
        -0.539596438407898,
        -0.396673321723938,
        -0.31039318442344666,
        -0.23801103234291077,
        0.49255862832069397
      ],
      "sigma": [
        0.4454886019229889,
        0.0010000000474974513,
        0.4438660442829132,
        0.3981177508831024,
        0.11119509488344193,
        0.050135448575019836,
        0.0010000000474974513,
        0.0010000000474974513,
        0.0010000000474974513,
        0.0010000000474974513,
        0.0010000000474974513
      ],
      "firing": 0.09699579328298569,
      "norm_firing": 0.6857414841651917,
      "rule_output": 0.7114059925079346,
      "weighted_contribution": 0.48784059286117554
    },
    {
      "rule_id": 54,
      "mu": [
        1.1032429933547974,
        1.3649131059646606,
        0.5873730778694153,
        -0.3862074017524719,
        -0.02212713286280632,
        -0.08188172429800034,
        -0.539596438407898,
        -0.3966737389564514,
        -0.31039339303970337,
        -0.23801088333129883,
        0.49255838990211487
      ],
      "sigma": [
        0.34749871492385864,
        0.0010000000474974513,
        0.3897394835948944,
        0.34965336322784424,
        0.09711737930774689,
        0.04340074583888054,
        0.0010000000474974513,
        0.0010000000474974513,
        0.0010000000474974513,
        0.0010000000474974513,
        0.0010000000474974513
      ],
      "firing": 0.03653974458575249,
      "norm_firing": 0.258328914642334,
      "rule_output": 0.6725620031356812,
      "weighted_contribution": 0.17374220490455627
    },
    {
      "rule_id": 109,
      "mu": [
        0.8468880653381348,
        1.364912986755371,
        -0.6559974551200867,
        -0.8490676283836365,
        -0.02001185528934002,
        -0.08272102475166321,
        -0.4593461751937866,
        -0.39073115587234497,
        -0.31039318442344666,
        -0.2380111664533615,
        0.4925587773323059
      ],
      "sigma": [
        0.48791834712028503,
        0.0010000000474974513,
        0.4669979512691498,
        0.5160998106002808,
        0.08512477576732635,
        0.044470760971307755,
        0.3342081606388092,
        0.10162559151649475,
        0.0010000000474974513,
        0.0010000000474974513,
        0.0010000000474974513
      ],
      "firing": 0.0069753797724843025,
      "norm_firing": 0.04931458458304405,
      "rule_output": 0.6352928280830383,
      "weighted_contribution": 0.0313292033970356
    },
    {
      "rule_id": 115,
      "mu": [
        1.0032633543014526,
        1.3649128675460815,
        1.7173925638198853,
        0.6821731925010681,
        -0.0044932556338608265,
        -0.07350797951221466,
        -0.5267677903175354,
        -0.38527458906173706,
        -0.31039324402809143,
        -0.23801124095916748,
        0.49255889654159546
      ],
      "sigma": [
        0.4144120514392853,
        0.0010000000474974513,
        0.5119348168373108,
        0.5098901391029358,
        0.10047518461942673,
        0.04669266566634178,
        0.13682295382022858,
        0.14053310453891754,
        0.0010000000474974513,
        0.0010000000474974513,
        0.0010000000474974513
      ],
      "firing": 0.0008201788878068328,
      "norm_firing": 0.005798506084829569,
      "rule_output": 0.6112992763519287,
      "weighted_contribution": 0.00354462256655097
    },
    {
      "rule_id": 91,
      "mu": [
        -0.29060643911361694,
        -0.09425994008779526,
        0.009846444241702557,
        -0.22551752626895905,
        6.324635982513428,
        -0.1565067321062088,
        0.10044309496879578,
        -0.3966735005378723,
        -0.3103933334350586,
        0.14803175628185272,
        0.2731870710849762
      ],
      "sigma": [
        1.1174525022506714,
        0.9651517868041992,
        0.8047153353691101,
        0.6089834570884705,
        1.6582350730895996,
        0.16483229398727417,
        0.8491082191467285,
        0.0010000000474974513,
        0.0010000000474974513,
        1.2509220838546753,
        0.7108453512191772
      ],
      "firing": 5.5548309319419786e-05,
      "norm_firing": 0.0003927157958969474,
      "rule_output": 0.5383993983268738,
      "weighted_contribution": 0.00021143794583622366
    },
    {
      "rule_id": 105,
      "mu": [
        0.6012869477272034,
        1.3649128675460815,
        1.1068968772888184,
        2.2143640518188477,
        0.04099447280168533,
        -0.055765505880117416,
        -0.3292976915836334,
        -0.3966735601425171,
        -0.3103933036327362,
        -0.2380112260580063,
        0.49255868792533875
      ],
      "sigma": [
        0.5446401238441467,
        0.0010000000474974513,
        0.5540175437927246,
        0.5610998272895813,
        0.09797545522451401,
        0.05069432407617569,
        0.5151243209838867,
        0.0010000000474974513,
        0.0010000000474974513,
        0.0010000000474974513,
        0.0010000000474974513
      ],
      "firing": 3.523569102981128e-05,
      "norm_firing": 0.00024910952197387815,
      "rule_output": 0.6764183640480042,
      "weighted_contribution": 0.00016850225802045316
    },
    {
      "rule_id": 58,
      "mu": [
        -0.10909225791692734,
        1.3649133443832397,
        0.4136083126068115,
        -0.46243831515312195,
        -0.03164075314998627,
        -0.08606857806444168,
        -0.539596438407898,
        -0.39667385816574097,
        -0.31039363145828247,
        -0.23801086843013763,
        0.4925585687160492
      ],
      "sigma": [
        0.3420266807079315,
        0.0010000000474974513,
        0.3788090646266937,
        0.38049450516700745,
        0.08571715652942657,
        0.043708715587854385,
        0.0010000000474974513,
        0.0010000000474974513,
        0.0010000000474974513,
        0.0010000000474974513,
        0.0010000000474974513
      ],
      "firing": 1.7625923646846786e-05,
      "norm_firing": 0.00012461186270229518,
      "rule_output": 0.4898048937320709,
      "weighted_contribution": 6.103549822000787e-05
    },
    {
      "rule_id": 4,
      "mu": [
        -0.6636526584625244,
        1.3649128675460815,
        0.5984727144241333,
        0.8721860647201538,
        -0.010551645420491695,
        -0.07151878625154495,
        -0.5368449091911316,
        -0.37385448813438416,
        -0.31039321422576904,
        -0.2380112260580063,
        0.49255886673927307
      ],
      "sigma": [
        0.4432953894138336,
        0.0010000000474974513,
        0.42440131306648254,
        0.4276290237903595,
        0.09805753827095032,
        0.045998893678188324,
        0.0635848268866539,
        0.19818057119846344,
        0.0010000000474974513,
        0.0010000000474974513,
        0.0010000000474974513
      ],
      "firing": 3.048465032406966e-06,
      "norm_firing": 2.1552057660301216e-05,
      "rule_output": 0.6728100776672363,