{
  "row_index": 2,
  "x_original": {
    "age_years": 49.0,
    "gender": 1.0,
    "height": 154.0,
    "weight": 76.0,
    "ap_hi": 110.0,
    "ap_lo": 70.0,
    "cholesterol": 1.0,
    "gluc": 1.0,
    "smoke": 0.0,
    "alco": 0.0,
    "active": 1.0
  },
  "x_model_space": {
    "age_years": -0.5673624277114868,
    "gender": -0.7326477766036987,
    "height": -1.2562710046768188,
    "weight": 0.12138506770133972,
    "ap_hi": -0.1122141182422638,
    "ap_lo": -0.13865439593791962,
    "cholesterol": -0.5395963191986084,
    "gluc": -0.3966735005378723,
    "smoke": -0.3103933334350586,
    "alco": -0.2380112111568451,
    "active": 0.49255865812301636
  },
  "y_true": 0,
  "score": 0.21392346918582916,
  "probability": 0.5532778414965841,
  "step4_top_rules": [
    {
      "rule_id": 14,
      "mu": [
        -0.15258939564228058,
        -0.7326483130455017,
        -1.3642865419387817,
        -0.425387978553772,
        -0.034365471452474594,
        -0.0880945548415184,
        -0.5378398299217224,
        -0.3966735899448395,
        -0.3103933036327362,
        -0.2380109280347824,
        0.49255844950675964
      ],
      "sigma": [
        0.38123005628585815,
        0.0010000000474974513,
        0.40499037504196167,
        0.33468663692474365,
        0.09912386536598206,
        0.050484225153923035,
        0.05070153996348381,
        0.0010000000474974513,
        0.0010000000474974513,
        0.0010000000474974513,
        0.0010000000474974513
      ],
      "firing": 0.0625123679637909,
      "norm_firing": 0.5511659979820251,
      "rule_output": 0.19147679209709167,
      "weighted_contribution": 0.10553549975156784
    },
    {
      "rule_id": 29,
      "mu": [
        -1.3719160556793213,
        -0.7326484322547913,
        -0.659629225730896,
        0.08300439268350601,
        -0.04926040768623352,
        -0.0947001725435257,
        -0.539596438407898,
        -0.3966735899448395,
        -0.3103932738304138,
        -0.23801091313362122,
        0.49255844950675964
      ],
      "sigma": [
        0.4046776592731476,
        0.0010000000474974513,
        0.41053709387779236,
        0.35238415002822876,
        0.09404733031988144,
        0.049981407821178436,
        0.0010000000474974513,
        0.0010000000474974513,
        0.0010000000474974513,
        0.0010000000474974513,
        0.0010000000474974513
      ],
      "firing": 0.026015574112534523,
      "norm_firing": 0.22937700152397156,
      "rule_output": 0.23274865746498108,
      "weighted_contribution": 0.05338718742132187
    },
    {
      "rule_id": 17,
      "mu": [
        -0.10724040865898132,
        -0.7269712090492249,
        -0.9413546919822693,
        0.732947587966919,
        -0.0012786781881004572,
        -0.07111174613237381,
        -0.5356124639511108,
        -0.3919534683227539,
        -0.31039318442344666,
        -0.23801098763942719,
        0.4925585091114044
      ],
      "sigma": [
        0.37511807680130005,
        0.10897346585988998,
        0.4246595501899719,
        0.3898245096206665,
        0.10467186570167542,
        0.04840569943189621,
        0.07647841423749924,
        0.09060581773519516,
        0.0010000000474974513,
        0.0010000000474974513,
        0.0010000000474974513
      ],
      "firing": 0.02243727818131447,
      "norm_firing": 0.19782748818397522,
      "rule_output": 0.24362164735794067,
      "weighted_contribution": 0.04819506034255028
    },
    {
      "rule_id": 60,
      "mu": [
        -1.2089885473251343,
        -0.7326475977897644,
        -0.4264512360095978,
        -0.31173840165138245,
        -0.05554617941379547,
        -0.09692663699388504,
        -0.539596438407898,
        1.7306952476501465,
        -0.3103933036327362,
        -0.23801125586032867,
        0.49255871772766113
      ],
      "sigma": [
        0.5354442000389099,
        0.0010000000474974513,
        0.7328108549118042,
        0.713009238243103,
        0.10471954196691513,
        0.052237868309020996,
        0.0010000000474974513,
        0.7222309708595276,
        0.0010000000474974513,
        0.0010000000474974513,
        0.0010000000474974513
      ],
      "firing": 0.0017516277730464935,
      "norm_firing": 0.015443946234881878,
      "rule_output": 0.33287063241004944,
      "weighted_contribution": 0.005140836350619793
    },
    {
      "rule_id": 12,
      "mu": [
        -1.4961771965026855,
        -0.7326480746269226,
        -1.2442655563354492,
        -1.3128422498703003,
        -0.09814026206731796,
        -0.11848314851522446,
        -0.4988129734992981,
        -0.3897709846496582,
        -0.31039321422576904,
        -0.23801098763942719,
        0.4925585687160492
      ],
      "sigma": [
        0.387087881565094,
        0.0010000000474974513,
        0.4494313895702362,
        0.4541979730129242,
        0.08928092569112778,
        0.05245115980505943,
        0.2416057586669922,
        0.10949999839067459,
        0.0010000000474974513,
        0.0010000000474974513,
        0.0010000000474974513
      ],
      "firing": 0.0003466044145170599,
      "norm_firing": 0.003055980196222663,
      "rule_output": 0.2710188925266266,
      "weighted_contribution": 0.0008282283670268953
    },
    {
      "rule_id": 62,
      "mu": [
        -1.3659415245056152,
        -0.732647716999054,
        -0.15722528100013733,
        1.5430405139923096,
        -0.013195836916565895,
        -0.07622610032558441,
        -0.3753548562526703,
        -0.33541685342788696,
        -0.31039318442344666,
        -0.2380112260580063,
        0.49255889654159546
      ],
      "sigma": [
        0.44813770055770874,
        0.0010000000474974513,
        0.6158961057662964,
        0.4951215386390686,
        0.10366947203874588,
        0.04779357090592384,
        0.4730309844017029,
        0.32106098532676697,
        0.0010000000474974513,
        0.0010000000474974513,
        0.0010000000474974513
      ],
      "firing": 0.00016828053048811853,
      "norm_firing": 0.0014837144408375025,
      "rule_output": 0.263724148273468,
      "weighted_contribution": 0.000391291338019073
    },
    {
      "rule_id": 91,
      "mu": [
        -0.29060643911361694,
        -0.09425994008779526,
        0.009846444241702557,
        -0.22551752626895905,
        6.324635982513428,
        -0.1565067321062088,
        0.10044309496879578,
        -0.3966735005378723,
        -0.3103933334350586,
        0.14803175628185272,
        0.2731870710849762
      ],
      "sigma": [
        1.1174525022506714,
        0.9651517868041992,
        0.8047153353691101,
        0.6089834570884705,
        1.6582350730895996,
        0.16483229398727417,
        0.8491082191467285,
        0.0010000000474974513,
        0.0010000000474974513,
        1.2509220838546753,
        0.7108453512191772
      ],
      "firing": 6.988958921283484e-05,
      "norm_firing": 0.0006162102799862623,
      "rule_output": 0.3597151041030884,
      "weighted_contribution": 0.00022166014241520315
    },
    {
      "rule_id": 112,
      "mu": [
        0.8232142925262451,
        -0.7222808599472046,
        -1.7506113052368164,
        -1.4067407846450806,
        -0.03465503454208374,
        -0.09329859167337418,
        -0.5371712446212769,
        -0.33059054613113403,
        -0.31039318442344666,
        -0.23801112174987793,
        0.4925587773323059
      ],
      "sigma": [
        0.4904637336730957,
        0.14721760153770447,
        0.4742104113101959,
        0.48300644755363464,
        0.10919362306594849,
        0.05487413704395294,
        0.05975048989057541,
        0.3332540988922119,
        0.0010000000474974513,
        0.0010000000474974513,
        0.0010000000474974513
      ],
      "firing": 3.77635624317918e-05,
      "norm_firing": 0.00033295797766186297,
      "rule_output": 0.15809965133666992,