{
  "row_index": 1,
  "x_original": {
    "age_years": 52.0,
    "gender": 1.0,
    "height": 170.0,
    "weight": 68.0,
    "ap_hi": 120.0,
    "ap_lo": 80.0,
    "cholesterol": 1.0,
    "gluc": 1.0,
    "smoke": 0.0,
    "alco": 0.0,
    "active": 1.0
  },
  "x_model_space": {
    "age_years": -0.1232655867934227,
    "gender": -0.7326477766036987,
    "height": 0.6851090788841248,
    "weight": -0.43365907669067383,
    "ap_hi": -0.05423584207892418,
    "ap_lo": -0.08732892572879791,
    "cholesterol": -0.5395963191986084,
    "gluc": -0.3966735005378723,
    "smoke": -0.3103933334350586,
    "alco": -0.2380112111568451,
    "active": 0.49255865812301636
  },
  "y_true": 0,
  "score": 0.3121974468231201,
  "probability": 0.5774215421539375,
  "step4_top_rules": [
    {
      "rule_id": 68,
      "mu": [
        -0.37654802203178406,
        -0.7326496839523315,
        0.3726222515106201,
        -0.49992451071739197,
        -0.05052206292748451,
        -0.09446856379508972,
        -0.539596438407898,
        -0.3966740667819977,
        -0.3103939890861511,
        -0.2380111813545227,
        0.49255919456481934
      ],
      "sigma": [
        0.3077744245529175,
        0.0010000000474974513,
        0.32184189558029175,
        0.34622612595558167,
        0.07394332438707352,
        0.042967621237039566,
        0.0010000000474974513,
        0.0010000000474974513,
        0.0010000000474974513,
        0.0010000000474974513,
        0.0010000000474974513
      ],
      "firing": 0.4302617311477661,
      "norm_firing": 0.8241668343544006,
      "rule_output": 0.3137560486793518,
      "weighted_contribution": 0.2585873305797577
    },
    {
      "rule_id": 100,
      "mu": [
        0.33933529257774353,
        -0.732647716999054,
        1.5451360940933228,
        0.4409531056880951,
        -0.022549094632267952,
        -0.08213700354099274,
        -0.4918898046016693,
        -0.3684139549732208,
        -0.31039324402809143,
        -0.23801127076148987,
        0.49255889654159546
      ],
      "sigma": [
        0.579016387462616,
        0.0010000000474974513,
        0.5386818647384644,
        0.6199753880500793,
        0.08369620889425278,
        0.04436462000012398,
        0.2606765627861023,
        0.2201959490776062,
        0.0010000000474974513,
        0.0010000000474974513,
        0.0010000000474974513
      ],
      "firing": 0.06773266941308975,
      "norm_firing": 0.12974201142787933,
      "rule_output": 0.30472514033317566,
      "weighted_contribution": 0.039535652846097946
    },
    {
      "rule_id": 1,
      "mu": [
        0.8897575736045837,
        -0.7326496839523315,
        0.4082198739051819,
        -0.5054140090942383,
        -0.033548612147569656,
        -0.08835829049348831,
        -0.5395964980125427,
        -0.39667409658432007,
        -0.31039395928382874,
        -0.2380111664533615,
        0.49255919456481934
      ],
      "sigma": [
        0.36798250675201416,
        0.0010000000474974513,
        0.34070834517478943,
        0.3238825500011444,
        0.08294607698917389,
        0.04470492899417877,
        0.0010000000474974513,
        0.0010000000474974513,
        0.0010000000474974513,
        0.0010000000474974513,
        0.0010000000474974513
      ],
      "firing": 0.01536904089152813,
      "norm_firing": 0.029439415782690048,
      "rule_output": 0.3002939224243164,
      "weighted_contribution": 0.008840478025376797
    },
    {
      "rule_id": 111,
      "mu": [
        -0.1418977826833725,
        -0.732648491859436,
        0.24095667898654938,
        0.723000705242157,
        -0.012700354680418968,
        -0.07738389074802399,
        -0.539596438407898,
        -0.39465969800949097,
        -0.3103933036327362,
        -0.23801086843013763,
        0.49255838990211487
      ],
      "sigma": [
        0.3555752635002136,
        0.0010000000474974513,
        0.3353213667869568,
        0.40036752820014954,
        0.09020064026117325,
        0.04861169680953026,
        0.0010000000474974513,
        0.05919552221894264,
        0.0010000000474974513,
        0.0010000000474974513,
        0.0010000000474974513
      ],
      "firing": 0.005632105283439159,
      "norm_firing": 0.01078830473124981,
      "rule_output": 0.32250547409057617,
      "weighted_contribution": 0.0034792872611433268
    },
    {
      "rule_id": 25,
      "mu": [
        0.14949573576450348,
        -0.7326496839523315,
        -0.2735482156276703,
        -0.36998000741004944,
        -0.03336045518517494,
        -0.08507948368787766,
        -0.5395964980125427,
        -0.3966740369796753,
        -0.31039395928382874,
        -0.23801113665103912,
        0.49255913496017456
      ],
      "sigma": [
        0.2902635633945465,
        0.0010000000474974513,
        0.2840573191642761,
        0.3041050136089325,
        0.08831726759672165,
        0.04290861263871193,
        0.0010000000474974513,
        0.0010000000474974513,
        0.0010000000474974513,
        0.0010000000474974513,
        0.0010000000474974513
      ],
      "firing": 0.002054674318060279,
      "norm_firing": 0.003935731016099453,
      "rule_output": 0.30814510583877563,
      "weighted_contribution": 0.0012127762893214822
    },
    {
      "rule_id": 60,
      "mu": [
        -1.2089885473251343,
        -0.7326475977897644,
        -0.4264512360095978,
        -0.31173840165138245,
        -0.05554617941379547,
        -0.09692663699388504,
        -0.539596438407898,
        1.7306952476501465,
        -0.3103933036327362,
        -0.23801125586032867,
        0.49255871772766113
      ],
      "sigma": [
        0.5354442000389099,
        0.0010000000474974513,
        0.7328108549118042,
        0.713009238243103,
        0.10471954196691513,
        0.052237868309020996,
        0.0010000000474974513,
        0.7222309708595276,
        0.0010000000474974513,
        0.0010000000474974513,
        0.0010000000474974513
      ],
      "firing": 0.0005126500618644059,
      "norm_firing": 0.0009819817496463656,
      "rule_output": 0.1938226968050003,
      "weighted_contribution": 0.00019033034914173186
    },
    {
      "rule_id": 11,
      "mu": [
        -1.525635004043579,
        -0.7326480150222778,
        0.732223629951477,
        -0.07033394277095795,
        -0.05617103353142738,
        -0.09471382200717926,
        -0.5082753896713257,
        -0.38971588015556335,
        -0.31039321422576904,
        -0.238010972738266,
        0.4925585389137268
      ],
      "sigma": [
        0.3485398292541504,
        0.0010000000474974513,
        0.44354861974716187,
        0.432474285364151,
        0.08465328067541122,
        0.04979047551751137,
        0.21256868541240692,
        0.11000717431306839,
        0.0010000000474974513,
        0.0010000000474974513,
        0.0010000000474974513
      ],
      "firing": 0.00020817139011342078,
      "norm_firing": 0.00039875254151411355,
      "rule_output": 0.34552687406539917,
      "weighted_contribution": 0.0001377797161694616
    },
    {
      "rule_id": 91,
      "mu": [
        -0.29060643911361694,
        -0.09425994008779526,
        0.009846444241702557,
        -0.22551752626895905,
        6.324635982513428,
        -0.1565067321062088,
        0.10044309496879578,
        -0.3966735005378723,
        -0.3103933334350586,
        0.14803175628185272,
        0.2731870710849762
      ],
      "sigma": [
        1.1174525022506714,
        0.9651517868041992,
        0.8047153353691101,
        0.6089834570884705,
        1.6582350730895996,
        0.16483229398727417,
        0.8491082191467285,
        0.0010000000474974513,
        0.0010000000474974513,
        1.2509220838546753,
        0.7108453512191772
      ],
      "firing": 0.00020210701040923595,
      "norm_firing": 0.0003871362132485956,
      "rule_output": 0.4202994704246521,