{
  "row_index": 5,
  "x_original": {
    "age_years": 60.0,
    "gender": 2.0,
    "height": 163.0,
    "weight": 62.0,
    "ap_hi": 130.0,
    "ap_lo": 80.0,
    "cholesterol": 1.0,
    "gluc": 1.0,
    "smoke": 0.0,
    "alco": 0.0,
    "active": 1.0
  },
  "x_model_space": {
    "age_years": 1.06099271774292,
    "gender": 1.3649122714996338,
    "height": -0.16424471139907837,
    "weight": -0.8499422073364258,
    "ap_hi": 0.0037424389738589525,
    "ap_lo": -0.08732892572879791,
    "cholesterol": -0.5395963191986084,
    "gluc": -0.3966735005378723,
    "smoke": -0.3103933334350586,
    "alco": -0.2380112111568451,
    "active": 0.49255865812301636
  },
  "y_true": 1,
  "score": 0.46818023920059204,
  "probability": 0.6149529530779619,
  "step4_top_rules": [
    {
      "rule_id": 109,
      "mu": [
        0.8468880653381348,
        1.364912986755371,
        -0.6559974551200867,
        -0.8490676283836365,
        -0.02001185528934002,
        -0.08272102475166321,
        -0.4593461751937866,
        -0.39073115587234497,
        -0.31039318442344666,
        -0.2380111664533615,
        0.4925587773323059
      ],
      "sigma": [
        0.48791834712028503,
        0.0010000000474974513,
        0.4669979512691498,
        0.5160998106002808,
        0.08512477576732635,
        0.044470760971307755,
        0.3342081606388092,
        0.10162559151649475,
        0.0010000000474974513,
        0.0010000000474974513,
        0.0010000000474974513
      ],
      "firing": 0.48406556248664856,
      "norm_firing": 0.8854665756225586,
      "rule_output": 0.46682003140449524,
      "weighted_contribution": 0.4133535325527191
    },
    {
      "rule_id": 54,
      "mu": [
        1.1032429933547974,
        1.3649131059646606,
        0.5873730778694153,
        -0.3862074017524719,
        -0.02212713286280632,
        -0.08188172429800034,
        -0.539596438407898,
        -0.3966737389564514,
        -0.31039339303970337,
        -0.23801088333129883,
        0.49255838990211487
      ],
      "sigma": [
        0.34749871492385864,
        0.0010000000474974513,
        0.3897394835948944,
        0.34965336322784424,
        0.09711737930774689,
        0.04340074583888054,
        0.0010000000474974513,
        0.0010000000474974513,
        0.0010000000474974513,
        0.0010000000474974513,
        0.0010000000474974513
      ],
      "firing": 0.061432044953107834,
      "norm_firing": 0.1123732477426529,
      "rule_output": 0.47958290576934814,
      "weighted_contribution": 0.053892288357019424
    },
    {
      "rule_id": 58,
      "mu": [
        -0.10909225791692734,
        1.3649133443832397,
        0.4136083126068115,
        -0.46243831515312195,
        -0.03164075314998627,
        -0.08606857806444168,
        -0.539596438407898,
        -0.39667385816574097,
        -0.31039363145828247,
        -0.23801086843013763,
        0.4925585687160492
      ],
      "sigma": [
        0.3420266807079315,
        0.0010000000474974513,
        0.3788090646266937,
        0.38049450516700745,
        0.08571715652942657,
        0.043708715587854385,
        0.0010000000474974513,
        0.0010000000474974513,
        0.0010000000474974513,
        0.0010000000474974513,
        0.0010000000474974513
      ],
      "firing": 0.0004908181726932526,
      "norm_firing": 0.0008978185942396522,
      "rule_output": 0.3485378623008728,
      "weighted_contribution": 0.0003129237738903612
    },
    {
      "rule_id": 13,
      "mu": [
        0.8146976232528687,
        1.364912986755371,
        0.3197055160999298,
        0.6458160281181335,
        0.012122639454901218,
        -0.06874558329582214,
        -0.539596438407898,
        -0.396673321723938,
        -0.31039318442344666,
        -0.23801103234291077,
        0.49255862832069397
      ],
      "sigma": [
        0.4454886019229889,
        0.0010000000474974513,
        0.4438660442829132,
        0.3981177508831024,
        0.11119509488344193,
        0.050135448575019836,
        0.0010000000474974513,
        0.0010000000474974513,
        0.0010000000474974513,
        0.0010000000474974513,
        0.0010000000474974513
      ],
      "firing": 0.0003795376978814602,
      "norm_firing": 0.0006942611653357744,
      "rule_output": 0.526795506477356,
      "weighted_contribution": 0.00036573366378434
    },
    {
      "rule_id": 24,
      "mu": [
        -1.0502705574035645,
        1.364912986755371,
        -0.5231860876083374,
        -0.9592448472976685,
        -0.05315966531634331,
        -0.09508135914802551,
        -0.4883635640144348,
        -0.38048768043518066,
        -0.31039321422576904,
        -0.2380112260580063,
        0.49255886673927307
      ],
      "sigma": [
        0.5404766201972961,
        0.0010000000474974513,
        0.45652130246162415,
        0.445285439491272,
        0.08070863783359528,
        0.041898515075445175,
        0.2698045074939728,
        0.1672307401895523,
        0.0010000000474974513,
        0.0010000000474974513,
        0.0010000000474974513
      ],
      "firing": 0.00025939082843251526,
      "norm_firing": 0.0004744851030409336,
      "rule_output": 0.44627878069877625,
      "weighted_contribution": 0.0002117526310030371
    },
    {
      "rule_id": 91,
      "mu": [
        -0.29060643911361694,
        -0.09425994008779526,
        0.009846444241702557,
        -0.22551752626895905,
        6.324635982513428,
        -0.1565067321062088,
        0.10044309496879578,
        -0.3966735005378723,
        -0.3103933334350586,
        0.14803175628185272,
        0.2731870710849762
      ],
      "sigma": [
        1.1174525022506714,
        0.9651517868041992,
        0.8047153353691101,
        0.6089834570884705,
        1.6582350730895996,
        0.16483229398727417,
        0.8491082191467285,
        0.0010000000474974513,
        0.0010000000474974513,
        1.2509220838546753,
        0.7108453512191772
      ],
      "firing": 3.884980105794966e-05,
      "norm_firing": 7.106516568455845e-05,
      "rule_output": 0.47962167859077454,
      "weighted_contribution": 3.408439442864619e-05
    },
    {
      "rule_id": 115,
      "mu": [
        1.0032633543014526,
        1.3649128675460815,
        1.7173925638198853,
        0.6821731925010681,
        -0.0044932556338608265,
        -0.07350797951221466,
        -0.5267677903175354,
        -0.38527458906173706,
        -0.31039324402809143,
        -0.23801124095916748,
        0.49255889654159546
      ],
      "sigma": [
        0.4144120514392853,
        0.0010000000474974513,
        0.5119348168373108,
        0.5098901391029358,
        0.10047518461942673,
        0.04669266566634178,
        0.13682295382022858,
        0.14053310453891754,
        0.0010000000474974513,
        0.0010000000474974513,
        0.0010000000474974513
      ],
      "firing": 1.1962274584220722e-05,
      "norm_firing": 2.1881734937778674e-05,
      "rule_output": 0.43988335132598877,
      "weighted_contribution": 9.625410712033045e-06
    },
    {
      "rule_id": 73,
      "mu": [
        -1.0317256450653076,
        1.364912986755371,
        0.7855004668235779,
        0.29989540576934814,
        0.013509022071957588,
        -0.06650851666927338,
        1.1909868717193604,
        -0.3966734707355499,
        -0.3103932738304138,
        -0.23801125586032867,
        0.4925588071346283
      ],
      "sigma": [
        0.5275746583938599,
        0.0010000000474974513,
        0.6137890815734863,
        0.6915324330329895,
        0.1009976863861084,
        0.05150231346487999,
        0.5600945353507996,
        0.0010000000474974513,
        0.0010000000474974513,
        0.0010000000474974513,
        0.0010000000474974513
      ],
      "firing": 2.25128317765666e-07,
      "norm_firing": 4.118111576190131e-07,
      "rule_output": 0.3398732542991638,