{
  "row_index": 3,
  "x_original": {
    "age_years": 49.0,
    "gender": 1.0,
    "height": 166.0,
    "weight": 70.0,
    "ap_hi": 120.0,
    "ap_lo": 80.0,
    "cholesterol": 1.0,
    "gluc": 1.0,
    "smoke": 0.0,
    "alco": 0.0,
    "active": 1.0
  },
  "x_model_space": {
    "age_years": -0.5673624277114868,
    "gender": -0.7326477766036987,
    "height": 0.19976404309272766,
    "weight": -0.29489803314208984,
    "ap_hi": -0.05423584207892418,
    "ap_lo": -0.08732892572879791,
    "cholesterol": -0.5395963191986084,
    "gluc": -0.3966735005378723,
    "smoke": -0.3103933334350586,
    "alco": -0.2380112111568451,
    "active": 0.49255865812301636
  },
  "y_true": 0,
  "score": 0.24099399149417877,
  "probability": 0.5599585882869895,
  "step4_top_rules": [
    {
      "rule_id": 68,
      "mu": [
        -0.37654802203178406,
        -0.7326496839523315,
        0.3726222515106201,
        -0.49992451071739197,
        -0.05052206292748451,
        -0.09446856379508972,
        -0.539596438407898,
        -0.3966740667819977,
        -0.3103939890861511,
        -0.2380111813545227,
        0.49255919456481934
      ],
      "sigma": [
        0.3077744245529175,
        0.0010000000474974513,
        0.32184189558029175,
        0.34622612595558167,
        0.07394332438707352,
        0.042967621237039566,
        0.0010000000474974513,
        0.0010000000474974513,
        0.0010000000474974513,
        0.0010000000474974513,
        0.0010000000474974513
      ],
      "firing": 0.5904762744903564,
      "norm_firing": 0.905227541923523,
      "rule_output": 0.23563362658023834,
      "weighted_contribution": 0.21330204606056213
    },
    {
      "rule_id": 111,
      "mu": [
        -0.1418977826833725,
        -0.732648491859436,
        0.24095667898654938,
        0.723000705242157,
        -0.012700354680418968,
        -0.07738389074802399,
        -0.539596438407898,
        -0.39465969800949097,
        -0.3103933036327362,
        -0.23801086843013763,
        0.49255838990211487
      ],
      "sigma": [
        0.3555752635002136,
        0.0010000000474974513,
        0.3353213667869568,
        0.40036752820014954,
        0.09020064026117325,
        0.04861169680953026,
        0.0010000000474974513,
        0.05919552221894264,
        0.0010000000474974513,
        0.0010000000474974513,
        0.0010000000474974513
      ],
      "firing": 0.016859039664268494,
      "norm_firing": 0.025845691561698914,
      "rule_output": 0.3351147770881653,
      "weighted_contribution": 0.008661272935569286
    },
    {
      "rule_id": 25,
      "mu": [
        0.14949573576450348,
        -0.7326496839523315,
        -0.2735482156276703,
        -0.36998000741004944,
        -0.03336045518517494,
        -0.08507948368787766,
        -0.5395964980125427,
        -0.3966740369796753,
        -0.31039395928382874,
        -0.23801113665103912,
        0.49255913496017456
      ],
      "sigma": [
        0.2902635633945465,
        0.0010000000474974513,
        0.2840573191642761,
        0.3041050136089325,
        0.08831726759672165,
        0.04290861263871193,
        0.0010000000474974513,
        0.0010000000474974513,
        0.0010000000474974513,
        0.0010000000474974513,
        0.0010000000474974513
      ],
      "firing": 0.011135086417198181,
      "norm_firing": 0.017070604488253593,
      "rule_output": 0.24930478632450104,
      "weighted_contribution": 0.004255783278495073
    },
    {
      "rule_id": 11,
      "mu": [
        -1.525635004043579,
        -0.7326480150222778,
        0.732223629951477,
        -0.07033394277095795,
        -0.05617103353142738,
        -0.09471382200717926,
        -0.5082753896713257,
        -0.38971588015556335,
        -0.31039321422576904,
        -0.238010972738266,
        0.4925585389137268
      ],
      "sigma": [
        0.3485398292541504,
        0.0010000000474974513,
        0.44354861974716187,
        0.432474285364151,
        0.08465328067541122,
        0.04979047551751137,
        0.21256868541240692,
        0.11000717431306839,
        0.0010000000474974513,
        0.0010000000474974513,
        0.0010000000474974513
      ],
      "firing": 0.00947545375674963,
      "norm_firing": 0.014526311308145523,
      "rule_output": 0.291792094707489,
      "weighted_contribution": 0.004238662775605917
    },
    {
      "rule_id": 29,
      "mu": [
        -1.3719160556793213,
        -0.7326484322547913,
        -0.659629225730896,
        0.08300439268350601,
        -0.04926040768623352,
        -0.0947001725435257,
        -0.539596438407898,
        -0.3966735899448395,
        -0.3103932738304138,
        -0.23801091313362122,
        0.49255844950675964
      ],
      "sigma": [
        0.4046776592731476,
        0.0010000000474974513,
        0.41053709387779236,
        0.35238415002822876,
        0.09404733031988144,
        0.049981407821178436,
        0.0010000000474974513,
        0.0010000000474974513,
        0.0010000000474974513,
        0.0010000000474974513,
        0.0010000000474974513
      ],
      "firing": 0.00861124787479639,
      "norm_firing": 0.01320144347846508,
      "rule_output": 0.3268991708755493,
      "weighted_contribution": 0.004315541125833988
    },
    {
      "rule_id": 100,
      "mu": [
        0.33933529257774353,
        -0.732647716999054,
        1.5451360940933228,
        0.4409531056880951,
        -0.022549094632267952,
        -0.08213700354099274,
        -0.4918898046016693,
        -0.3684139549732208,
        -0.31039324402809143,
        -0.23801127076148987,
        0.49255889654159546
      ],
      "sigma": [
        0.579016387462616,
        0.0010000000474974513,
        0.5386818647384644,
        0.6199753880500793,
        0.08369620889425278,
        0.04436462000012398,
        0.2606765627861023,
        0.2201959490776062,
        0.0010000000474974513,
        0.0010000000474974513,
        0.0010000000474974513
      ],
      "firing": 0.005783482454717159,
      "norm_firing": 0.008866347372531891,
      "rule_output": 0.2555183470249176,
      "weighted_contribution": 0.002265514340251684
    },
    {
      "rule_id": 60,
      "mu": [
        -1.2089885473251343,
        -0.7326475977897644,
        -0.4264512360095978,
        -0.31173840165138245,
        -0.05554617941379547,
        -0.09692663699388504,
        -0.539596438407898,
        1.7306952476501465,
        -0.3103933036327362,
        -0.23801125586032867,
        0.49255871772766113
      ],
      "sigma": [
        0.5354442000389099,
        0.0010000000474974513,
        0.7328108549118042,
        0.713009238243103,
        0.10471954196691513,
        0.052237868309020996,
        0.0010000000474974513,
        0.7222309708595276,
        0.0010000000474974513,
        0.0010000000474974513,
        0.0010000000474974513
      ],
      "firing": 0.004346170928329229,
      "norm_firing": 0.006662881933152676,
      "rule_output": 0.24066703021526337,
      "weighted_contribution": 0.0016035359585657716
    },
    {
      "rule_id": 55,
      "mu": [
        -1.5391310453414917,
        -0.7326492071151733,
        -0.11278799176216125,
        -0.8850441575050354,
        -0.07899045944213867,
        -0.11045680940151215,
        -0.5395964980125427,
        -0.39667388796806335,
        -0.31039366126060486,
        -0.23801088333129883,
        0.49255862832069397
      ],
      "sigma": [
        0.36548519134521484,
        0.0010000000474974513,
        0.35640957951545715,
        0.3397030532360077,
        0.08242819458246231,
        0.04943835735321045,
        0.0010000000474974513,
        0.0010000000474974513,
        0.0010000000474974513,
        0.0010000000474974513,
        0.0010000000474974513
      ],
      "firing": 0.003762126201763749,
      "norm_firing": 0.00576751446351409,
      "rule_output": 0.26999396085739136,