{
  "row_index": 9,
  "x_original": {
    "age_years": 57.0,
    "gender": 1.0,
    "height": 162.0,
    "weight": 85.0,
    "ap_hi": 140.0,
    "ap_lo": 80.0,
    "cholesterol": 1.0,
    "gluc": 1.0,
    "smoke": 0.0,
    "alco": 0.0,
    "active": 1.0
  },
  "x_model_space": {
    "age_years": 0.616895854473114,
    "gender": -0.7326477766036987,
    "height": -0.28558096289634705,
    "weight": 0.7458097338676453,
    "ap_hi": 0.06172071769833565,
    "ap_lo": -0.08732892572879791,
    "cholesterol": -0.5395963191986084,
    "gluc": -0.3966735005378723,
    "smoke": -0.3103933334350586,
    "alco": -0.2380112111568451,
    "active": 0.49255865812301636
  },
  "y_true": 0,
  "score": 0.5928208827972412,
  "probability": 0.6440121251177527,
  "step4_top_rules": [
    {
      "rule_id": 63,
      "mu": [
        1.0907036066055298,
        -0.7326483726501465,
        0.11531286686658859,
        0.4809097945690155,
        0.001245025428943336,
        -0.0725758820772171,
        -0.5395964980125427,
        -0.3905326724052429,
        -0.31039321422576904,
        -0.23801091313362122,
        0.49255841970443726
      ],
      "sigma": [
        0.35013967752456665,
        0.0010000000474974513,
        0.3892614543437958,
        0.35939541459083557,
        0.1023688018321991,
        0.042137034237384796,
        0.0010000000474974513,
        0.10348779708147049,
        0.0010000000474974513,
        0.0010000000474974513,
        0.0010000000474974513
      ],
      "firing": 0.14155173301696777,
      "norm_firing": 0.5017911195755005,
      "rule_output": 0.5713685750961304,
      "weighted_contribution": 0.28670766949653625
    },
    {
      "rule_id": 106,
      "mu": [
        0.7680597305297852,
        -0.7245801687240601,
        -0.37938329577445984,
        1.8182724714279175,
        0.02384530007839203,
        -0.061646468937397,
        -0.5282726883888245,
        -0.32959607243537903,
        -0.31039324402809143,
        -0.23801124095916748,
        0.49255892634391785
      ],
      "sigma": [
        0.48668962717056274,
        0.1298343390226364,
        0.5728664994239807,
        0.4658666253089905,
        0.10783257335424423,
        0.05195039510726929,
        0.12861321866512299,
        0.33538809418678284,
        0.0010000000474974513,
        0.0010000000474974513,
        0.0010000000474974513
      ],
      "firing": 0.053873319178819656,
      "norm_firing": 0.19097720086574554,
      "rule_output": 0.6119424104690552,
      "weighted_contribution": 0.1168670505285263
    },
    {
      "rule_id": 17,
      "mu": [
        -0.10724040865898132,
        -0.7269712090492249,
        -0.9413546919822693,
        0.732947587966919,
        -0.0012786781881004572,
        -0.07111174613237381,
        -0.5356124639511108,
        -0.3919534683227539,
        -0.31039318442344666,
        -0.23801098763942719,
        0.4925585091114044
      ],
      "sigma": [
        0.37511807680130005,
        0.10897346585988998,
        0.4246595501899719,
        0.3898245096206665,
        0.10467186570167542,
        0.04840569943189621,
        0.07647841423749924,
        0.09060581773519516,
        0.0010000000474974513,
        0.0010000000474974513,
        0.0010000000474974513
      ],
      "firing": 0.036977071315050125,
      "norm_firing": 0.13108116388320923,
      "rule_output": 0.6641635298728943,
      "weighted_contribution": 0.08705932646989822
    },
    {
      "rule_id": 36,
      "mu": [
        1.0533844232559204,
        -0.7303048372268677,
        -1.1609643697738647,
        0.24292892217636108,
        0.015221497975289822,
        -0.06897218525409698,
        -0.5313724279403687,
        -0.39472493529319763,
        -0.3103933334350586,
        -0.23801088333129883,
        0.4925583302974701
      ],
      "sigma": [
        0.34431126713752747,
        0.07019242644309998,
        0.4450950622558594,
        0.40444669127464294,
        0.1502954065799713,
        0.04795895889401436,
        0.10990569740533829,
        0.05836102366447449,
        0.0010000000474974513,
        0.0010000000474974513,
        0.0010000000474974513
      ],
      "firing": 0.026368264108896255,
      "norm_firing": 0.09347368031740189,
      "rule_output": 0.5996367335319519,
      "weighted_contribution": 0.05605025216937065
    },
    {
      "rule_id": 111,
      "mu": [
        -0.1418977826833725,
        -0.732648491859436,
        0.24095667898654938,
        0.723000705242157,
        -0.012700354680418968,
        -0.07738389074802399,
        -0.539596438407898,
        -0.39465969800949097,
        -0.3103933036327362,
        -0.23801086843013763,
        0.49255838990211487
      ],
      "sigma": [
        0.3555752635002136,
        0.0010000000474974513,
        0.3353213667869568,
        0.40036752820014954,
        0.09020064026117325,
        0.04861169680953026,
        0.0010000000474974513,
        0.05919552221894264,
        0.0010000000474974513,
        0.0010000000474974513,
        0.0010000000474974513
      ],
      "firing": 0.02078995853662491,
      "norm_firing": 0.0736989676952362,
      "rule_output": 0.5518373847007751,
      "weighted_contribution": 0.040669847279787064
    },
    {
      "rule_id": 100,
      "mu": [
        0.33933529257774353,
        -0.732647716999054,
        1.5451360940933228,
        0.4409531056880951,
        -0.022549094632267952,
        -0.08213700354099274,
        -0.4918898046016693,
        -0.3684139549732208,
        -0.31039324402809143,
        -0.23801127076148987,
        0.49255889654159546
      ],
      "sigma": [
        0.579016387462616,
        0.0010000000474974513,
        0.5386818647384644,
        0.6199753880500793,
        0.08369620889425278,
        0.04436462000012398,
        0.2606765627861023,
        0.2201959490776062,
        0.0010000000474974513,
        0.0010000000474974513,
        0.0010000000474974513
      ],
      "firing": 0.0014309135731309652,
      "norm_firing": 0.005072489846497774,
      "rule_output": 0.5567511320114136,
      "weighted_contribution": 0.002824114402756095
    },
    {
      "rule_id": 57,
      "mu": [
        -0.15989212691783905,
        -0.7326476573944092,
        -0.19989505410194397,
        3.4776854515075684,
        0.05314352735877037,
        -0.05253871902823448,
        -0.2284843772649765,
        -0.25283750891685486,
        -0.31039339303970337,
        -0.23801125586032867,
        0.42753860354423523
      ],
      "sigma": [
        0.8031162023544312,
        0.0010000000474974513,
        0.7818119525909424,
        0.768378496170044,
        0.113131083548069,
        0.0558989942073822,
        0.6876763701438904,
        0.4797521233558655,
        0.0010000000474974513,
        0.0010000000474974513,
        0.39975330233573914
      ],
      "firing": 0.0007839429890736938,
      "norm_firing": 0.0027790239546447992,
      "rule_output": 0.7210848927497864,
      "weighted_contribution": 0.002003912115469575
    },
    {
      "rule_id": 25,
      "mu": [
        0.14949573576450348,
        -0.7326496839523315,
        -0.2735482156276703,
        -0.36998000741004944,
        -0.03336045518517494,
        -0.08507948368787766,
        -0.5395964980125427,
        -0.3966740369796753,
        -0.31039395928382874,
        -0.23801113665103912,
        0.49255913496017456
      ],
      "sigma": [
        0.2902635633945465,
        0.0010000000474974513,
        0.2840573191642761,
        0.3041050136089325,
        0.08831726759672165,
        0.04290861263871193,
        0.0010000000474974513,
        0.0010000000474974513,
        0.0010000000474974513,
        0.0010000000474974513,
        0.0010000000474974513
      ],
      "firing": 0.0001823857455747202,
      "norm_firing": 0.0006465449114330113,
      "rule_output": 0.5977039337158203,
      "weighted_contribution": 0.000386442436138168
    },
    {
      "rule_id": 91,