{
  "row_index": 4,
  "x_original": {
    "age_years": 52.0,
    "gender": 1.0,
    "height": 170.0,
    "weight": 75.0,
    "ap_hi": 120.0,
    "ap_lo": 80.0,
    "cholesterol": 1.0,
    "gluc": 1.0,
    "smoke": 0.0,
    "alco": 0.0,
    "active": 1.0
  },
  "x_model_space": {
    "age_years": -0.1232655867934227,
    "gender": -0.7326477766036987,
    "height": 0.6851090788841248,
    "weight": 0.052004553377628326,
    "ap_hi": -0.05423584207892418,
    "ap_lo": -0.08732892572879791,
    "cholesterol": -0.5395963191986084,
    "gluc": -0.3966735005378723,
    "smoke": -0.3103933334350586,
    "alco": -0.2380112111568451,
    "active": 0.49255865812301636
  },
  "y_true": 0,
  "score": 0.3182848393917084,
  "probability": 0.5789061975897573,
  "step4_top_rules": [
    {
      "rule_id": 100,
      "mu": [
        0.33933529257774353,
        -0.732647716999054,
        1.5451360940933228,
        0.4409531056880951,
        -0.022549094632267952,
        -0.08213700354099274,
        -0.4918898046016693,
        -0.3684139549732208,
        -0.31039324402809143,
        -0.23801127076148987,
        0.49255889654159546
      ],
      "sigma": [
        0.579016387462616,
        0.0010000000474974513,
        0.5386818647384644,
        0.6199753880500793,
        0.08369620889425278,
        0.04436462000012398,
        0.2606765627861023,
        0.2201959490776062,
        0.0010000000474974513,
        0.0010000000474974513,
        0.0010000000474974513
      ],
      "firing": 0.15048210322856903,
      "norm_firing": 0.4076419472694397,
      "rule_output": 0.3159603476524353,
      "weighted_contribution": 0.1287986934185028
    },
    {
      "rule_id": 68,
      "mu": [
        -0.37654802203178406,
        -0.7326496839523315,
        0.3726222515106201,
        -0.49992451071739197,
        -0.05052206292748451,
        -0.09446856379508972,
        -0.539596438407898,
        -0.3966740667819977,
        -0.3103939890861511,
        -0.2380111813545227,
        0.49255919456481934
      ],
      "sigma": [
        0.3077744245529175,
        0.0010000000474974513,
        0.32184189558029175,
        0.34622612595558167,
        0.07394332438707352,
        0.042967621237039566,
        0.0010000000474974513,
        0.0010000000474974513,
        0.0010000000474974513,
        0.0010000000474974513,
        0.0010000000474974513
      ],
      "firing": 0.12298791110515594,
      "norm_firing": 0.33316275477409363,
      "rule_output": 0.31836140155792236,
      "weighted_contribution": 0.10606615990400314
    },
    {
      "rule_id": 111,
      "mu": [
        -0.1418977826833725,
        -0.732648491859436,
        0.24095667898654938,
        0.723000705242157,
        -0.012700354680418968,
        -0.07738389074802399,
        -0.539596438407898,
        -0.39465969800949097,
        -0.3103933036327362,
        -0.23801086843013763,
        0.49255838990211487
      ],
      "sigma": [
        0.3555752635002136,
        0.0010000000474974513,
        0.3353213667869568,
        0.40036752820014954,
        0.09020064026117325,
        0.04861169680953026,
        0.0010000000474974513,
        0.05919552221894264,
        0.0010000000474974513,
        0.0010000000474974513,
        0.0010000000474974513
      ],
      "firing": 0.08976767957210541,
      "norm_firing": 0.24317225813865662,
      "rule_output": 0.322977751493454,
      "weighted_contribution": 0.07853922992944717
    },
    {
      "rule_id": 1,
      "mu": [
        0.8897575736045837,
        -0.7326496839523315,
        0.4082198739051819,
        -0.5054140090942383,
        -0.033548612147569656,
        -0.08835829049348831,
        -0.5395964980125427,
        -0.39667409658432007,
        -0.31039395928382874,
        -0.2380111664533615,
        0.49255919456481934
      ],
      "sigma": [
        0.36798250675201416,
        0.0010000000474974513,
        0.34070834517478943,
        0.3238825500011444,
        0.08294607698917389,
        0.04470492899417877,
        0.0010000000474974513,
        0.0010000000474974513,
        0.0010000000474974513,
        0.0010000000474974513,
        0.0010000000474974513
      ],
      "firing": 0.003581877565011382,
      "norm_firing": 0.009702972136437893,
      "rule_output": 0.2892429530620575,
      "weighted_contribution": 0.0028065163642168045
    },
    {
      "rule_id": 25,
      "mu": [
        0.14949573576450348,
        -0.7326496839523315,
        -0.2735482156276703,
        -0.36998000741004944,
        -0.03336045518517494,
        -0.08507948368787766,
        -0.5395964980125427,
        -0.3966740369796753,
        -0.31039395928382874,
        -0.23801113665103912,
        0.49255913496017456
      ],
      "sigma": [
        0.2902635633945465,
        0.0010000000474974513,
        0.2840573191642761,
        0.3041050136089325,
        0.08831726759672165,
        0.04290861263871193,
        0.0010000000474974513,
        0.0010000000474974513,
        0.0010000000474974513,
        0.0010000000474974513,
        0.0010000000474974513
      ],
      "firing": 0.0008019458036869764,
      "norm_firing": 0.0021723962854593992,
      "rule_output": 0.3255496025085449,
      "weighted_contribution": 0.0007072227308526635
    },
    {
      "rule_id": 60,
      "mu": [
        -1.2089885473251343,
        -0.7326475977897644,
        -0.4264512360095978,
        -0.31173840165138245,
        -0.05554617941379547,
        -0.09692663699388504,
        -0.539596438407898,
        1.7306952476501465,
        -0.3103933036327362,
        -0.23801125586032867,
        0.49255871772766113
      ],
      "sigma": [
        0.5354442000389099,
        0.0010000000474974513,
        0.7328108549118042,
        0.713009238243103,
        0.10471954196691513,
        0.052237868309020996,
        0.0010000000474974513,
        0.7222309708595276,
        0.0010000000474974513,
        0.0010000000474974513,
        0.0010000000474974513
      ],
      "firing": 0.0004567269061226398,
      "norm_firing": 0.0012372304918244481,
      "rule_output": 0.224502831697464,
      "weighted_contribution": 0.0002777617482934147
    },
    {
      "rule_id": 63,
      "mu": [
        1.0907036066055298,
        -0.7326483726501465,
        0.11531286686658859,
        0.4809097945690155,
        0.001245025428943336,
        -0.0725758820772171,
        -0.5395964980125427,
        -0.3905326724052429,
        -0.31039321422576904,
        -0.23801091313362122,
        0.49255841970443726
      ],
      "sigma": [
        0.35013967752456665,
        0.0010000000474974513,
        0.3892614543437958,
        0.35939541459083557,
        0.1023688018321991,
        0.042137034237384796,
        0.0010000000474974513,
        0.10348779708147049,
        0.0010000000474974513,
        0.0010000000474974513,
        0.0010000000474974513
      ],
      "firing": 0.0003342042036820203,
      "norm_firing": 0.0009053279645740986,
      "rule_output": 0.34893089532852173,
      "weighted_contribution": 0.0003158969047944993
    },
    {
      "rule_id": 11,
      "mu": [
        -1.525635004043579,
        -0.7326480150222778,
        0.732223629951477,
        -0.07033394277095795,
        -0.05617103353142738,
        -0.09471382200717926,
        -0.5082753896713257,
        -0.38971588015556335,
        -0.31039321422576904,
        -0.238010972738266,
        0.4925585389137268
      ],
      "sigma": [
        0.3485398292541504,
        0.0010000000474974513,
        0.44354861974716187,
        0.432474285364151,
        0.08465328067541122,
        0.04979047551751137,
        0.21256868541240692,
        0.11000717431306839,
        0.0010000000474974513,
        0.0010000000474974513,
        0.0010000000474974513
      ],
      "firing": 0.0002846447459887713,
      "norm_firing": 0.000771076011005789,
      "rule_output": 0.3612539768218994,