label,precision,recall,f1-score,support
0,0.7052704576976422,0.7744146202170189,0.7382270211414572,5253.0
1,0.7495773457311918,0.6760053363826949,0.7108928750375789,5247.0
macro avg,0.7274239017144171,0.7252099782998569,0.7245599480895181,10500.0
weighted avg,0.7274112426035503,0.7252380952380952,0.7245677578455477,10500.0
micro avg,0.7252380952380952,0.7252380952380952,0.7252380952380952,10500.0
