label,precision,recall,f1-score,support
0,0.710984371528035,0.7831123801754029,0.7453073742648058,24515.0
1,0.7582962087462497,0.6812742495405351,0.7177247595895273,24485.0
macro avg,0.7346402901371423,0.7321933148579689,0.7315160669271665,49000.0
weighted avg,0.7346258069216675,0.7322244897959184,0.7315245105847202,49000.0
micro avg,0.7322244897959184,0.7322244897959184,0.7322244897959184,49000.0
