label,precision,recall,f1-score,support
0,0.7081745756841011,0.7784123358081096,0.7416341706719869,5253.0
1,0.7537029200169276,0.6788641128263769,0.7143286874561315,5247.0
macro avg,0.7309387478505144,0.7286382243172433,0.7279814290640592,10500.0
weighted avg,0.7309257397521336,0.7286666666666667,0.7279892306306923,10500.0
micro avg,0.7286666666666667,0.7286666666666667,0.7286666666666667,10500.0
