{
  "train": {
    "auc": 0.794726257914882,
    "accuracy": 0.7315918367346939,
    "confusion_matrix": [
      [
        19332,
        5183
      ],
      [
        7969,
        16516
      ]
    ],
    "classification_report": {
      "0": {
        "precision": 0.7081059301857074,
        "recall": 0.7885784213746686,
        "f1-score": 0.74617878647522,
        "support": 24515.0
      },
      "1": {
        "precision": 0.7611410664085902,
        "recall": 0.6745354298550132,
        "f1-score": 0.7152260523124891,
        "support": 24485.0
      },
      "accuracy": 0.7315918367346939,
      "macro avg": {
        "precision": 0.7346234982971489,
        "recall": 0.7315569256148409,
        "f1-score": 0.7307024193938545,
        "support": 49000.0
      },
      "weighted avg": {
        "precision": 0.7346072630513664,
        "recall": 0.7315918367346939,
        "f1-score": 0.7307118947206391,
        "support": 49000.0
      },
      "micro avg": {
        "precision": 0.7315918367346939,
        "recall": 0.7315918367346939,
        "f1-score": 0.7315918367346939,
        "support": 49000
      }
    }
  },
  "val": {
    "auc": 0.7903278771138647,
    "accuracy": 0.7253333333333334,
    "confusion_matrix": [
      [
        4096,
        1157
      ],
      [
        1727,
        3520
      ]
    ],
    "classification_report": {
      "0": {
        "precision": 0.7034174823973897,
        "recall": 0.7797449076718066,
        "f1-score": 0.7396171903214157,
        "support": 5253.0
      },
      "1": {
        "precision": 0.7526192003420996,
        "recall": 0.6708595387840671,
        "f1-score": 0.709391374445788,
        "support": 5247.0
      },
      "accuracy": 0.7253333333333334,
      "macro avg": {
        "precision": 0.7280183413697446,
        "recall": 0.7253022232279369,
        "f1-score": 0.7245042823836019,
        "support": 10500.0
      },
      "weighted avg": {
        "precision": 0.7280042837360461,
        "recall": 0.7253333333333334,
        "f1-score": 0.724512918330995,
        "support": 10500.0
      },
      "micro avg": {
        "precision": 0.7253333333333334,
        "recall": 0.7253333333333334,
        "f1-score": 0.7253333333333334,
        "support": 10500
      }
    }
  },
  "test": {
    "auc": 0.7853248822829548,
    "accuracy": 0.7274285714285714,
    "confusion_matrix": [
      [
        4115,
        1138
      ],
      [
        1724,
        3523
      ]
    ],
    "classification_report": {
      "0": {
        "precision": 0.7047439630073643,
        "recall": 0.7833618884446982,
        "f1-score": 0.7419761990623873,
        "support": 5253.0
      },
      "1": {
        "precision": 0.755846384895945,
        "recall": 0.6714312940728036,
        "f1-score": 0.7111425111021397,
        "support": 5247.0
      },
      "accuracy": 0.7274285714285714,
      "macro avg": {
        "precision": 0.7302951739516547,
        "recall": 0.7273965912587509,
        "f1-score": 0.7265593550822635,
        "support": 10500.0
      },
      "weighted avg": {
        "precision": 0.7302805732596865,
        "recall": 0.7274285714285714,
        "f1-score": 0.726568164707395,
        "support": 10500.0
      },
      "micro avg": {
        "precision": 0.7274285714285714,
        "recall": 0.7274285714285714,
        "f1-score": 0.7274285714285714,
        "support": 10500
      }
    }
  }
}