{
  "mean": [
    52.83269387755102,
    1.3665510204081632,
    129.35451020408163,
    97.01473469387756
  ],
  "scale": [
    6.755282776915039,
    0.6793060252701624,
    172.47837952667533,
    194.83503463613596
  ],
  "feature_cols": [
    "age_years",
    "cholesterol",
    "ap_hi",
    "ap_lo"
  ]
}