label,precision,recall,f1-score,support
0,0.7083810438444207,0.7856616140925851,0.7450226288289338,24410.0
1,0.7538924690719225,0.6699690661315943,0.7094575153272393,23922.0
macro avg,0.7311367564581717,0.7278153401120897,0.7272400720780865,48332.0
weighted avg,0.7309069958905248,0.728399404121493,0.7274196195351423,48332.0
micro avg,0.728399404121493,0.728399404121493,0.728399404121493,48332.0
