label,precision,recall,f1-score,support
0,0.706184683912969,0.7879946472949723,0.7448500180701121,5231.0
1,0.7547002875470029,0.6654963916520382,0.7072968490878938,5127.0
macro avg,0.7304424857299859,0.7267455194735053,0.7260734335790029,10358.0
weighted avg,0.7301989240975308,0.7273604943039197,0.7262619607837795,10358.0
micro avg,0.7273604943039197,0.7273604943039197,0.7273604943039197,10358.0
