label,precision,recall,f1-score,support
0,0.7074841582462751,0.7897151596253107,0.7463414634146341,5231.0
1,0.7565294378043382,0.666796722590714,0.708834508502696,5126.0
macro avg,0.7320067980253067,0.7282559411080123,0.7275879859586651,10357.0
weighted avg,0.7317581857653087,0.728879019020952,0.7277781100421716,10357.0
micro avg,0.728879019020952,0.728879019020952,0.728879019020952,10357.0
