{
  "age_years": {
    "num_mf": 3,
    "centers": [
      -1.7018076181411743,
      -0.2618119716644287,
      1.0832815170288086
    ],
    "sigmas": [
      0.5081270933151245,
      0.7471943497657776,
      0.7269299030303955
    ]
  },
  "gender": {
    "num_mf": 2,
    "centers": [
      -0.2472834289073944,
      0.5478308200836182
    ],
    "sigmas": [
      0.34229084849357605,
      0.35813838243484497
    ]
  },
  "height": {
    "num_mf": 3,
    "centers": [
      -1.3217675685882568,
      0.022144149988889694,
      0.9842970967292786
    ],
    "sigmas": [
      0.7709164023399353,
      0.46535006165504456,
      0.41031208634376526
    ]
  },
  "weight": {
    "num_mf": 3,
    "centers": [
      -1.2671185731887817,
      -0.24619093537330627,
      1.2408260107040405
    ],
    "sigmas": [
      0.6248729825019836,
      0.5951486825942993,
      0.7135594487190247
    ]
  },
  "ap_hi": {
    "num_mf": 3,
    "centers": [
      -0.9875643253326416,
      -0.33115577697753906,
      1.4425344467163086
    ],
    "sigmas": [
      0.22539356350898743,
      0.11458685249090195,
      0.4652518928050995
    ]
  },
  "ap_lo": {
    "num_mf": 3,
    "centers": [
      -0.6430954933166504,
      -0.1374337524175644,
      1.4656959772109985
    ],
    "sigmas": [
      0.19953814148902893,
      0.11296907067298889,
      0.6921039819717407
    ]
  },
  "cholesterol": {
    "num_mf": 3,
    "centers": [
      -0.23468762636184692,
      0.0595087856054306,
      1.3153413534164429
    ],
    "sigmas": [
      0.5698899626731873,
      0.580219566822052,
      0.4117630422115326
    ]
  },
  "gluc": {
    "num_mf": 3,
    "centers": [
      -0.33867138624191284,
      0.2579387128353119,
      0.5442041158676147
    ],
    "sigmas": [
      0.129818856716156,
      0.5063420534133911,
      0.535056471824646
    ]
  },
  "smoke": {
    "num_mf": 2,
    "centers": [
      -0.2829493582248688,
      0.5816507339477539
    ],
    "sigmas": [
      0.10993219912052155,
      0.7171598672866821
    ]
  },
  "alco": {
    "num_mf": 2,
    "centers": [
      -0.23539337515830994,
      0.5401132106781006
    ],
    "sigmas": [
      0.053284987807273865,
      0.82710862159729
    ]
  },
  "active": {
    "num_mf": 2,
    "centers": [
      -0.2984640300273895,
      0.37129923701286316
    ],
    "sigmas": [
      0.45559999346733093,
      0.1893424689769745
    ]
  }
}