module_index,module_name,mean_weighted_all,mean_pct_all,mean_weighted_pos(cardio=1),mean_weighted_neg(cardio=0),mean_pct_pos(cardio=1),mean_pct_neg(cardio=0)
1,Module_1,0.082499444,0.23504353,0.20439689,-0.039258774,0.2300504,0.24003094
2,Module_2,-0.21716936,0.5690012,0.23548312,-0.66930485,0.5469905,0.5909867
3,Module_3,0.119591765,0.096390694,0.19136591,0.04789959,0.12532951,0.067484945
4,Module_4,0.09624034,0.099564545,0.10224852,0.09023905,0.09762959,0.101497315
