{
  "train": {
    "auc": 0.7941127249901927,
    "accuracy": 0.7322244897959184,
    "confusion_matrix": [
      [
        19198,
        5317
      ],
      [
        7804,
        16681
      ]
    ],
    "classification_report": {
      "0": {
        "precision": 0.710984371528035,
        "recall": 0.7831123801754029,
        "f1-score": 0.7453073742648058,
        "support": 24515.0
      },
      "1": {
        "precision": 0.7582962087462497,
        "recall": 0.6812742495405351,
        "f1-score": 0.7177247595895273,
        "support": 24485.0
      },
      "accuracy": 0.7322244897959184,
      "macro avg": {
        "precision": 0.7346402901371423,
        "recall": 0.7321933148579689,
        "f1-score": 0.7315160669271665,
        "support": 49000.0
      },
      "weighted avg": {
        "precision": 0.7346258069216675,
        "recall": 0.7322244897959184,
        "f1-score": 0.7315245105847202,
        "support": 49000.0
      },
      "micro avg": {
        "precision": 0.7322244897959184,
        "recall": 0.7322244897959184,
        "f1-score": 0.7322244897959184,
        "support": 49000
      }
    }
  },
  "val": {
    "auc": 0.790004158187299,
    "accuracy": 0.7252380952380952,
    "confusion_matrix": [
      [
        4068,
        1185
      ],
      [
        1700,
        3547
      ]
    ],
    "classification_report": {
      "0": {
        "precision": 0.7052704576976422,
        "recall": 0.7744146202170189,
        "f1-score": 0.7382270211414572,
        "support": 5253.0
      },
      "1": {
        "precision": 0.7495773457311918,
        "recall": 0.6760053363826949,
        "f1-score": 0.7108928750375789,
        "support": 5247.0
      },
      "accuracy": 0.7252380952380952,
      "macro avg": {
        "precision": 0.7274239017144171,
        "recall": 0.7252099782998569,
        "f1-score": 0.7245599480895181,
        "support": 10500.0
      },
      "weighted avg": {
        "precision": 0.7274112426035503,
        "recall": 0.7252380952380952,
        "f1-score": 0.7245677578455477,
        "support": 10500.0
      },
      "micro avg": {
        "precision": 0.7252380952380952,
        "recall": 0.7252380952380952,
        "f1-score": 0.7252380952380952,
        "support": 10500
      }
    }
  },
  "test": {
    "auc": 0.7847787233744584,
    "accuracy": 0.7286666666666667,
    "confusion_matrix": [
      [
        4089,
        1164
      ],
      [
        1685,
        3562
      ]
    ],
    "classification_report": {
      "0": {
        "precision": 0.7081745756841011,
        "recall": 0.7784123358081096,
        "f1-score": 0.7416341706719869,
        "support": 5253.0
      },
      "1": {
        "precision": 0.7537029200169276,
        "recall": 0.6788641128263769,
        "f1-score": 0.7143286874561315,
        "support": 5247.0
      },
      "accuracy": 0.7286666666666667,
      "macro avg": {
        "precision": 0.7309387478505144,
        "recall": 0.7286382243172433,
        "f1-score": 0.7279814290640592,
        "support": 10500.0
      },
      "weighted avg": {
        "precision": 0.7309257397521336,
        "recall": 0.7286666666666667,
        "f1-score": 0.7279892306306923,
        "support": 10500.0
      },
      "micro avg": {
        "precision": 0.7286666666666667,
        "recall": 0.7286666666666667,
        "f1-score": 0.7286666666666667,
        "support": 10500
      }
    }
  }
}