{
  "age_years": {
    "num_mf": 5,
    "centers": [
      -1.7899683713912964,
      -0.9780764579772949,
      -0.0479581318795681,
      0.5467625856399536,
      1.745934009552002
    ],
    "sigmas": [
      0.3816637396812439,
      0.3677007257938385,
      0.4934585690498352,
      0.356927752494812,
      0.3578619658946991
    ]
  },
  "gender": {
    "num_mf": 2,
    "centers": [
      -0.2669311463832855,
      0.5469081997871399
    ],
    "sigmas": [
      0.31344547867774963,
      0.35229459404945374
    ]
  },
  "height": {
    "num_mf": 4,
    "centers": [
      -1.6497770547866821,
      -0.9736708402633667,
      0.03733273968100548,
      1.2459909915924072
    ],
    "sigmas": [
      0.734531819820404,
      0.3594208359718323,
      0.5682427883148193,
      0.40263399481773376
    ]
  },
  "weight": {
    "num_mf": 4,
    "centers": [
      -1.907348394393921,
      -0.7976934313774109,
      0.01176078338176012,
      1.1095322370529175
    ],
    "sigmas": [
      0.3191707730293274,
      0.4178256690502167,
      0.45352503657341003,
      0.6033642888069153
    ]
  },
  "ap_hi": {
    "num_mf": 5,
    "centers": [
      -0.963329017162323,
      -1.0211607217788696,
      -0.316316157579422,
      1.1044906377792358,
      1.8354741334915161
    ],
    "sigmas": [
      0.23608949780464172,
      0.07478570938110352,
      0.12987850606441498,
      0.23453959822654724,
      0.7030206322669983
    ]
  },
  "ap_lo": {
    "num_mf": 5,
    "centers": [
      -1.7525938749313354,
      -0.6669480800628662,
      -0.4536634385585785,
      0.9929449558258057,
      1.9576971530914307
    ],
    "sigmas": [
      0.6094595789909363,
      0.1846584975719452,
      0.5384158492088318,
      0.45999065041542053,
      0.7193691730499268
    ]
  },
  "cholesterol": {
    "num_mf": 3,
    "centers": [
      -0.3843417167663574,
      0.03250538930296898,
      1.4779303073883057
    ],
    "sigmas": [
      0.5942497253417969,
      0.6752713918685913,
      0.4405871331691742
    ]
  },
  "gluc": {
    "num_mf": 3,
    "centers": [
      -0.2949451208114624,
      0.32713034749031067,
      0.7975586652755737
    ],
    "sigmas": [
      0.1751403957605362,
      0.5820323824882507,
      0.5931383371353149
    ]
  },
  "smoke": {
    "num_mf": 2,
    "centers": [
      -0.26650282740592957,
      0.6205089688301086
    ],
    "sigmas": [
      0.0922190397977829,
      0.7283761501312256
    ]
  },
  "alco": {
    "num_mf": 2,
    "centers": [
      -0.3034456968307495,
      0.7765890955924988
    ],
    "sigmas": [
      0.18216076493263245,
      0.7435926795005798
    ]
  },
  "active": {
    "num_mf": 2,
    "centers": [
      -0.49679479002952576,
      0.4002563953399658
    ],
    "sigmas": [
      0.5187295079231262,
      0.15329104661941528
    ]
  }
}