module_index,module_name,mean_weighted_all,mean_pct_all,mean_weighted_pos(cardio=1),mean_weighted_neg(cardio=0),mean_pct_pos(cardio=1),mean_pct_neg(cardio=0)
1,Module_1,0.0784084,0.22205807,0.20924471,-0.049801677,0.20858982,0.235256
2,Module_2,-0.030333597,0.56229985,0.43575078,-0.48706245,0.5666575,0.55802965
3,Module_3,0.0035532773,0.15539351,0.08016723,-0.07152282,0.16632077,0.1446856
4,Module_4,0.04764813,0.060248543,0.054727055,0.0407113,0.058431927,0.062028695
