{
  "age_years": {
    "num_mf": 3,
    "centers": [
      -1.4463868141174316,
      -0.1614995002746582,
      1.4004607200622559
    ],
    "sigmas": [
      0.7763965725898743,
      0.7833900451660156,
      0.6980603337287903
    ]
  },
  "gender": {
    "num_mf": 2,
    "centers": [
      -0.29992151260375977,
      0.6141884922981262
    ],
    "sigmas": [
      0.28156712651252747,
      0.39972516894340515
    ]
  },
  "height": {
    "num_mf": 3,
    "centers": [
      -1.2794548273086548,
      -0.09556970745325089,
      1.5872595310211182
    ],
    "sigmas": [
      0.6099343299865723,
      0.9634562134742737,
      0.452596515417099
    ]
  },
  "weight": {
    "num_mf": 3,
    "centers": [
      -1.4527524709701538,
      -0.18879525363445282,
      1.321245551109314
    ],
    "sigmas": [
      0.5983172655105591,
      0.6627627611160278,
      0.5791904330253601
    ]
  },
  "ap_hi": {
    "num_mf": 3,
    "centers": [
      -1.4007458686828613,
      -0.28914961218833923,
      1.4576208591461182
    ],
    "sigmas": [
      0.16681280732154846,
      0.12296062707901001,
      0.551912248134613
    ]
  },
  "ap_lo": {
    "num_mf": 3,
    "centers": [
      -1.6546738147735596,
      -0.4975567162036896,
      1.4151482582092285
    ],
    "sigmas": [
      0.48828041553497314,
      0.49918609857559204,
      0.8001773953437805
    ]
  },
  "cholesterol": {
    "num_mf": 3,
    "centers": [
      -0.5583310723304749,
      0.05296268314123154,
      1.4569272994995117
    ],
    "sigmas": [
      0.7027149200439453,
      0.6600532531738281,
      0.46007344126701355
    ]
  },
  "gluc": {
    "num_mf": 3,
    "centers": [
      -0.507470428943634,
      0.24875043332576752,
      0.8141840696334839
    ],
    "sigmas": [
      0.2865958511829376,
      0.6051511764526367,
      0.6043082475662231
    ]
  },
  "smoke": {
    "num_mf": 2,
    "centers": [
      -0.2878063917160034,
      0.7673645615577698
    ],
    "sigmas": [
      0.09540244936943054,
      0.6870465874671936
    ]
  },
  "alco": {
    "num_mf": 2,
    "centers": [
      -0.38789090514183044,
      0.7977529764175415
    ],
    "sigmas": [
      0.28192368149757385,
      0.7512588500976562
    ]
  },
  "active": {
    "num_mf": 2,
    "centers": [
      -0.5748396515846252,
      0.40477454662323
    ],
    "sigmas": [
      0.556361973285675,
      0.1504780799150467
    ]
  }
}