module_index,module_name,mean_weighted_all,mean_pct_all,mean_weighted_pos(cardio=1),mean_weighted_neg(cardio=0),mean_pct_pos(cardio=1),mean_pct_neg(cardio=0)
1,Module_1,0.07596502,0.21691869,0.19824395,-0.043859463,0.20899098,0.22468732
2,Module_2,-0.15306185,0.5558974,0.30226892,-0.59925294,0.5463874,0.5652166
3,Module_3,0.040169433,0.13671501,0.114770435,-0.032934126,0.15607788,0.11774082
4,Module_4,0.09260336,0.09046883,0.099746436,0.08560367,0.08854372,0.092355296
