{
  "train": {
    "auc": 0.7907875125817414,
    "accuracy": 0.7286530612244898,
    "confusion_matrix": [
      [
        19127,
        5388
      ],
      [
        7908,
        16577
      ]
    ],
    "classification_report": {
      "0": {
        "precision": 0.7074902903643425,
        "recall": 0.7802161941668366,
        "f1-score": 0.7420756547041707,
        "support": 24515.0
      },
      "1": {
        "precision": 0.7547006601411336,
        "recall": 0.677026751072085,
        "f1-score": 0.713756727664155,
        "support": 24485.0
      },
      "accuracy": 0.7286530612244898,
      "macro avg": {
        "precision": 0.7310954752527381,
        "recall": 0.7286214726194609,
        "f1-score": 0.7279161911841628,
        "support": 49000.0
      },
      "weighted avg": {
        "precision": 0.7310810230987248,
        "recall": 0.7286530612244898,
        "f1-score": 0.7279248602434607,
        "support": 49000.0
      },
      "micro avg": {
        "precision": 0.7286530612244898,
        "recall": 0.7286530612244898,
        "f1-score": 0.7286530612244898,
        "support": 49000
      }
    }
  },
  "val": {
    "auc": 0.7866269053838422,
    "accuracy": 0.7247619047619047,
    "confusion_matrix": [
      [
        4060,
        1193
      ],
      [
        1697,
        3550
      ]
    ],
    "classification_report": {
      "0": {
        "precision": 0.7052284175786,
        "recall": 0.7728916809442223,
        "f1-score": 0.737511353315168,
        "support": 5253.0
      },
      "1": {
        "precision": 0.748471431583386,
        "recall": 0.6765770916714313,
        "f1-score": 0.7107107107107107,
        "support": 5247.0
      },
      "accuracy": 0.7247619047619047,
      "macro avg": {
        "precision": 0.726849924580993,
        "recall": 0.7247343863078268,
        "f1-score": 0.7241110320129394,
        "support": 10500.0
      },
      "weighted avg": {
        "precision": 0.7268375694341345,
        "recall": 0.7247619047619047,
        "f1-score": 0.7241186893393978,
        "support": 10500.0
      },
      "micro avg": {
        "precision": 0.7247619047619047,
        "recall": 0.7247619047619047,
        "f1-score": 0.7247619047619047,
        "support": 10500
      }
    }
  },
  "test": {
    "auc": 0.7809390123701082,
    "accuracy": 0.7234285714285714,
    "confusion_matrix": [
      [
        4062,
        1191
      ],
      [
        1713,
        3534
      ]
    ],
    "classification_report": {
      "0": {
        "precision": 0.7033766233766233,
        "recall": 0.7732724157624215,
        "f1-score": 0.7366702937976061,
        "support": 5253.0
      },
      "1": {
        "precision": 0.7479365079365079,
        "recall": 0.6735277301315037,
        "f1-score": 0.7087845968712395,
        "support": 5247.0
      },
      "accuracy": 0.7234285714285714,
      "macro avg": {
        "precision": 0.7256565656565657,
        "recall": 0.7234000729469625,
        "f1-score": 0.7227274453344228,
        "support": 10500.0
      },
      "weighted avg": {
        "precision": 0.7256438342609771,
        "recall": 0.7234285714285714,
        "f1-score": 0.7227354126764017,
        "support": 10500.0
      },
      "micro avg": {
        "precision": 0.7234285714285714,
        "recall": 0.7234285714285714,
        "f1-score": 0.7234285714285714,
        "support": 10500
      }
    }
  }
}